Kapitel;Datenfeld;"Pflicht
(jeweils bezogen auf das zugehörige Kapitel)";MIND-Kapitel;DIVI-Kapitel;Zugehörigkeit DIVI-MIND;Einfach-/ Mehrfach E/M;Bezeichnung Merkmal Ausprägung;"MIND-
Teildatensatz Notarzt (NA) Rettungsdienst (RD)";Erläuterungen;Hinweise /Plausibilitäten/Abhängigkeiten;techn. Default MIND;In FHIR umgesetzt?;Anmerkung zur Umsetzung
Kapitel: Strukturdaten;Kapitel: Strukturdaten;;;;;;;;;dieses Kapitel ist immer Pflicht;;;
Strukturdaten;Protokolltyp;Ja;Strukturdaten;Dokument-Header;DM;E;Werteliste siehe Tabellenblatt Codes;NA + RD;"Typ des verwendeten Protokolls:
• NA für Notarztdokumentation
• RD für Rettungsdienstdokumentation
Sollte in Stammdaten fest dem Rettungsmittel/Personal zugewiesen werden.
Beim Wechsel von Dokumentations-Pads zwischen Fahrzeugen muss unbedingt darauf geachtet werden, dass das korrekte Rettungsmittel mit der ihm zugeordneten Projekt-ID und der richtige Protokolltyp ausgewählt sind.";"Triggerfeld für Dokumentationsumfang und Plausibilitätsprüfungen z.B. ProjektID, Rettungsmitteltyp, Einsatzart, Qualifikation
Personal.";;x;"Composition.type mit ValueSet Mind-Protokolltyp-VS (required; NA=na, RD=rd). Abweichung: Composition.title hardcodiert 'MIND 7.1 Rettungsdienstdokumentation', keine NA/RD-Differenzierung."
Strukturdaten;Standortkennung;Nein;Strukturdaten;EinsatztechnischeDaten;DM;E;"Amtlicher Gemeindeschlüssel des RM-Standortes
BL-LK (Bundesland-Landkreis-Rettungswache; Bundesland und Landkreis jeweils nach Vorgaben des Gemeindeschlüssels)
Werteliste siehe Tabellenblatt Codes";NA + RD;Amtlicher Gemeindeschlüssel des Rettungsmittel-Standorts.;;-2;x;"Encounter.identifier[standortkennung] mit NamingSystem mind-standortkennung; Invariante mind-standortkennung-format ^[0-9]{8}$. MIND-Default -2 nicht abbildbar."
Strukturdaten;ProjektID;Ja;Strukturdaten;;M;E;ProjektID;NA + RD;"Standortspezifische Nummer, die von einer zentralen Stelle vergeben und verwaltet wird. Standortverantwortliche sind aufgefordert, sich dort um eine ID-Zuteilung zu bemühen.
Einmalig in Stammdaten einzupflegen.";Prüfung auf Plausibilität, z.B. Leitstelle, Einsatzart, Rettungsmitteltyp, Protokolltyp.;;x;"Encounter.identifier[projektid] mit NamingSystem mind-projektid; value 1..1."
Strukturdaten;Leitstelle;Ja;Strukturdaten;PatStammdaten;DM;E;Landkreiskennung der Heimatleitstelle  (z.B. S für Stuttgart, OG für Offenburg);NA + RD;"Für einen Standort immer konstant und sollte automatisiert beim Export zugeordnet werden.
Einmalig in Stammdaten einzupflegen.";Prüfung auf Plausibilität, z.B. ProjektID und Leitstelle.;;x;"Encounter.identifier[leitstelle] mit NamingSystem mind-leitstelle; value 1..1."
Strukturdaten;Softwarekennung;"siehe Hinweise/ Plausibilitäten/
Abhängigkeiten";Strukturdaten;;M;E;Kennung des Dokumentationssystems des Rettungsmittels und der Software-Version;NA+RD;Identifikation des Dokumentationssystems und der Software-Version, mit der die Einsatzdaten erzeugt wurden.;Pflichtfeld in BW;-2;x;CompositionDeEmsMindR4.extension[softwarekennung] (MindSoftwarekennung, valueString).
Strukturdaten;EinsatzNr;Nein;;PatStammdaten;D;E;"Text, je nach Zuordnung des Rettungsmittels zu Leitstelle/Standort bzw. nach Projekt festzulegen
Zeichenlimit: 50";;Je nach Bundesland / Rettungszweckverband festgelegtes eineindeutiges Kennzeichen des Einsatzes.;Für MIND-Datensatz: Feld nicht übermitteln. Abweichungen führen zu Abweisung von Datenlieferungen.;;x;"EncounterDeEmsDiviR4.identifier[einsatznr] (DIVI-Basis; MIND erbt als EncounterDeEmsMindR4) mit NamingSystem mind-einsatznr (0..1, value 1..1). DIVI-Feld (kein MIND-Kapitel)."
Strukturdaten;PatNr;Nein;;PatStammdaten;D;E;"Text, je nach Zuordnung des Rettungsmittels zu
Leitstelle/Standort bzw. nach Projekt festzulegen Zeichenlimit: 50";;Je nach Bundesland / Rettungszweckverband festgelegtes eineindeutiges Kennzeichen des Patienten.;Für MIND-Datensatz: Feld nicht übermitteln. Abweichungen führen zu Abweisung von Datenlieferungen.;;x;PatientDeEmsDiviR4.identifier[patnr] mit NamingSystem mind-patnr (0..1). Bewusst nur im DIVI-Patient umgesetzt: PatientDeEmsMindR4 bleibt identifier-frei (Datenschutz). DIVI-Feld (kein MIND-Kapitel).
Strukturdaten;AuftrNr;Nein;;PatStammdaten;D;E;Text, je nach Zuordnung des Rettungsmittels zu Leitstelle/Standort bzw. nach Projekt festzulegen Zeichenlimit: 50;;Je nach Bundesland / Rettungszweckverband festgelegtes eineindeutiges Kennzeichen des RD-Auftrages.;Für MIND-Datensatz: Feld nicht übermitteln. Abweichungen führen zu Abweisung von Datenlieferungen.;;x;"EncounterDeEmsDiviR4.identifier[auftragnr] (DIVI-Basis; MIND erbt als EncounterDeEmsMindR4) mit NamingSystem mind-auftragnr (0..1, value 1..1). DIVI-Feld (kein MIND-Kapitel)."
Kapitel: RettungstechnischeDaten;Kapitel: RettungstechnischeDaten;;;;;;;;;dieses Kapitel ist immer Pflicht;;;
RettungstechnischeDaten;Primaerschluessel;Ja;RettungstechnischeDaten;;M;E;"eindeutiger Primärschlüssel für alle Fälle pro Jahr
Zeichenlimit 20";NA + RD;"Innerhalb eines Leitstellenbereiches darf in einem Kalenderjahr kein Primärschlüssel mehrfach vergeben werden.
Es ist unbedingt darauf zu achten, dass im NA-Protokoll die NA-Auftragsnummer und im RD-Protokoll die RD-Auftragsnummer verwendet wird!
Bei mehreren Patienten in einem Einsatz, soll von der ""Heimatleitstelle"" für jeden Patienten eine separate Auftragsnummer zugeteilt werden. Diese ist ggf. anzufordern. Dort wo dies leitstellen-/abrechnungsseitig nicht möglich ist, soll der Primärschlüssel im jeweiligen Datensatz durch ein eindeutiges Suffix gekennzeichnet werden (bspw.
Auftragsnummer der Leitstelle ergänzt mit -01 bis -99 oder mit -A bis -Z)";;;x;"Encounter.identifier[primaerschluessel] mit NamingSystem mind-primaerschluessel; Invariante mind-primaerschluessel-laenge (max. 20 Zeichen)."
RettungstechnischeDaten;EinsatzArt;Ja;RettungstechnischeDaten;EinsatztechnischeDaten;DM;E;Werteliste siehe Tabellenblatt Codes;NA + RD;"Art des RD-Einsatzes/Notarzteinsatzes
Für die Auswahl des zutreffenden Codes ist der Status zum Zeitpunkt der Alarmierung des dokumentierenden Rettungsmittels durch die Leitstelle maßgeblich.
(d.h. in einem NA-Protokoll dürfen unter EinsatzArt nur Ausprägungen mit dem Inhalt ""mit (physisch anwesendem) NA"" dokumentiert werden, auch wenn der NA nachgefordert wurde und die primäre Alarmierung des RTW ohne NA erfolgte. Im RD-Protokoll dürfen - sofern bei Alarmierung des RTW (noch) keine Alarmierung eines NA/TNA erfolgt ist - unter EinsatzArt nur Ausprägungen mit dem Inhalt ""ohne NA"" dokumentiert werden, auch wenn es später zu einer NA-Nachforderung kam.)
Einsatzarten ""mit (physisch anwesendem) NA"" (01, 03, 05, 07) bzw. ""mit...TNA"" (02, 03, 06, 07) sind immer dann auszuwählen, wenn bis zum Zeitpunkt der Alarmierung des dokumentierenden RM ein NA oder ein TNA ebenfalls alarmiert wurden.
Dienstfahrt und Pause sind organisatorische Einsatzarten, die in keinem Bezug zu einem beabsichtigten oder tatsächlichen Patientenkontakt stehen (beispielsweise Fahrt in die Kfz-Werkstatt). Ein Materialtransport, für den ein Patientenbezug hergestellt werden kann (z.B. Transport eines Inkubators durch einen RTW zu einem anderen Einsatz) ist nicht mit Dienstfahrt zu kodieren.
Wenn ein RTW von der Leitstelle einen Krankentransportauftrag erhalten hat, ist als EinsatzArt Krankentransport auszuwählen.
Codes 09-12 nicht im DIVI Protokoll abgebildet";"Triggerfeld für Dokumentationsumfang und Plausibilitätsprüfungen.
Wenn Protokolltyp NA, dann ist EinsatzArt GLEICH  (04 ODER 08 ODER  10) unzulässig.";;x;"Encounter.type mit ValueSet Mind-Einsatzart-VS (required). Mind-Einsatzart-NA-VS/RD-VS definiert, aber nicht gebunden; NA-/RD-Plausibilität nicht erzwungen."
RettungstechnischeDaten;Gemeindeschluessel;Nein;RettungstechnischeDaten;EinsatztechnischeDaten;DM;E;"Amtlicher Gemeindeschlüssel des Einsatzortes
Werteliste siehe Tabellenblatt Codes";NA + RD;"Quelle ist das Statistische Bundesamt. Der Amtliche Gemeindeschlüssel (AGS) ist ein 8-stelliger Schlüssel zur eindeutigen Identifizierung einer Gemeinde mit den Bestandteilen: Bundesland (2 Stellen), Regierungsbezirk (1 Stelle),
Kreis (2 Stellen) und Gemeinde (3 Stellen)";;-2;x;LocationDeEmsMindR4: address.city.extension[ags] mit Invariante mind-ags-format ^[0-9]{8}$. Sonderwerte -1/99999999 nicht darstellbar.
RettungstechnischeDaten;Postleitzahl;Nein;RettungstechnischeDaten;EinsatztechnischeDaten;DM;E;"Postleitzahl des Einsatzortes
Werteliste siehe Tabellenblatt Codes";NA + RD;PLZ des Einsatzortes - diese ist bei Einsätzen am Wohnort des Patienten zumeist der Versichertenkarte zu entnehmen.;;-2;x;Location.address.postalCode. MIND-Sonderwerte (-1, 99999999, 99999998) nicht modellierbar.
RettungstechnischeDaten;GeoEinsatzort;Nein;RettungstechnischeDaten;EinsatztechnischeDaten;DM;E;"Geokoordinaten des Einsatzortes
GPS Geo-Koordinaten im Dezimalformat [WGS 84]";NA + RD;Die Koordinaten werden in der Reihenfolge Breitengrad, Längengrad mit Komma getrennt angegeben. Format: 99.999999,99.999999;;-2;x;LocationDeEmsMindR4: position.latitude/position.longitude (GPS-Koordinaten des Einsatzortes).
RettungstechnischeDaten;EinsatzortTyp;"siehe Hinweise/
Plausibilitäten/ Abhängigkeiten";RettungstechnischeDaten;EinsatztechnischeDaten;DM;E;Werteliste siehe Tabellenblatt Codes;NA + RD;"Beschreibung des Einsatzortes.
Pflicht, außer für Dienstfahrten und Pauseneinsätze";"Pflicht wenn:
EinsatzArt NICHT  (11 ODER  12)";-2;x;Location.extension[einsatzorttyp] (MindEinsatzortTyp) mit ValueSet Mind-Einsatzort-Typ-VS.
RettungstechnischeDaten;RDTransport;"siehe Hinweise/
Plausibilitäten/ Abhängigkeiten";RettungstechnischeDaten;Einsatzverlauf;DM;E;Werteliste siehe Tabellenblatt Codes;NA + RD;"Welches Rettungsmittel hat den überwiegenden Anteil des Transports des Patienten (hinsichtlich der Transportstrecke)
durchgeführt?
""Transport durch NAW"" ist nur auszuwählen, wenn es sich bei dem RM von vornherein um einen NAW gehandelt hat (ein RTW, bei dem der NA den Transport begleitet, bleibt ein RTW)
Bei gemeinsamem Einsatz von RTW und NA identische Dokumentation in RD- und NA-Protokoll Pflicht, außer für Dienstfahrten und Pauseneinsätze";"Triggerfeld für Dokumentationsumfang und Plausibilitätsprüfungen.
• Bei Auswahl 01 wird KeinTranspMitPat zum Pflichtfeld
• Bei Auswahl 02 wird KeinTranspOhnePat zum Pflichtfeld
Pflicht wenn:
EinsatzArt NICHT  (11 ODER  12)
Wenn EinsatzArt GLEICH  (11 ODER  12), sind sämtliche Inhalte in RDTransport außer -2 unzulässig.";-2;x;ObservationDeEmsMindRdTransport (mind-observationstyp-cs#rd-transport), ValueSet MindRdTransportVS.
RettungstechnischeDaten;AerztlBegleit;siehe Hinweise/ Plausibilitäten/ Abhängigkeiten;RettungstechnischeDaten;Einsatzverlauf;DM;M;"Ärztliche Begleitung
Werteliste siehe Tabellenblatt Codes";NA + RD;"Wurde der Transport ärztlich begleitet? Wenn ja, von wem?
Pflicht für NA- und RD-Protokolle bei Einsätzen mit durchgeführtem Transport
Bei gemeinsamem Einsatz von RTW und NA identische Dokumentation in RD- und NA-Protokoll";"Triggerfeld für Dokumentationsumfang und Plausibilitätsprüfungen.
Pflicht wenn:
RDTransport GLEICH  (03 ODER  04 ODER  05 ODER  06 ODER 07 ODER  08 ODER  09 ODER  98)
Kombinationen mit 00 sind unzulässig";-2;x;ObservationDeEmsMindAerztlicheBegleitung (#aerztliche-begleitung), ValueSet MindAerztlicheBegleitungVS.
RettungstechnischeDaten;NotarztNachgefordert;"siehe Hinweise/
Plausibilitäten/ Abhängigkeiten";RettungstechnischeDaten;EinsatztechnischeDaten;DM;E;"Physisch anwesender Notarzt wurde nachgefordert
Werteliste siehe Tabellenblatt Codes";NA + RD;"Betrifft nur die Nachforderung eines physisch anwesenden Notarztes (nicht eines Telenotarztes).
NA: Wurden Sie nachgefordert?
RD: Haben Sie einen Notarzt nachgefordert? Falls unbekannt: ""nein"" dokumentieren
Pflicht, außer für Dienstfahrten und Pauseneinsätze
wenn bei Protokolltyp RD eine Einsatzart ausgewählt wurde, die eine primäre Alarmierung eines (physisch anwesendem) NA zum Ausdruck bringt (01, 03, 05, oder 07)  ist die Dokumentation NotarztNachgefordert=ja unzulässig.";"Triggerfeld für Dokumentationsumfang und Plausibilitätsprüfungen.
Pflicht wenn:
EinsatzArt NICHT  (11 ODER  12)
Wenn Protokolltyp GLEICH  RD UND EinsatzArt GLEICH  (01 ODER  03 ODER  05 ODER  07), dann ist
NotarztNachgefordert = 01 unzulässig.";-2;x;ObservationDeEmsMindNotarztNachgefordert (#notarzt-nachgefordert), valueBoolean. 'unbekannt' wird wie 'nein' (false) übermittelt.
RettungstechnischeDaten;TNANachgefordert;siehe Hinweise/ Plausibilitäten/ Abhängigkeiten;RettungstechnischeDaten;EinsatztechnischeDaten;DM;E;Tele-Notarzt wurde nachgefordert Werteliste siehe Tabellenblatt Codes;NA + RD;"Betrifft nur die Nachforderung eines Telenotarztes (nicht eines physisch anwesenden Notarztes). NA/RD: Haben Sie einen TNA nachgefordert?
Pflicht, außer für Dienstfahrten und Pauseneinsätze
wenn bei Protokolltyp RD eine Einsatzart ausgewählt wurde, die eine primäre Alarmierung eines TNA zum Ausdruck bringt (02, 03, 06, oder 07)  ist die Dokumentation TNANachgefordert=ja unzulässig.";"Triggerfeld für Dokumentationsumfang und Plausibilitätsprüfungen.
Pflicht wenn:
EinsatzArt NICHT  (11 ODER  12)
Wenn Protokolltyp GLEICH  RD UND EinsatzArt GLEICH  (02 ODER  03 ODER  06 ODER  07), dann ist
TNANachgefordert = 01 unzulässig.";-2;x;"ObservationDeEmsMindTnaNachgefordert (#tna-nachgefordert), valueBoolean. 'unbekannt' wie 'nein'; Plausibilität (nicht bei TNA-Alarmierung via Einsatzart) nicht erzwungen."
RettungstechnischeDaten;KeinTranspMitPat;"siehe Hinweise/
Plausibilitäten/ Abhängigkeiten";RettungstechnischeDaten;PatientenTransport;DM;E;"Grund für Einsatz ohne Transport trotz Patientenkontakt
Werteliste siehe Tabellenblatt Codes";NA + RD;"Pflicht für Einsätze ohne Transport trotz Patientenkontakt
nur für Einsätze ohne Transport, aber mit Patientenkontakt; nicht für Einsätze ohne Patientenkontakt (diese sollen unter
KeinTranspOhnePat dokumentiert werden)
02 = primäre Todesfeststellung (ohne CPR): reine Todesfeststellungen ohne Reanimation   (Erstbefunde sind erforderlich, Abschlussbefunde/Diagnosen/RD-Maßnahmen sind nicht erforderlich.)
Der Grund für die nicht durchgeführte Reanimation muss im Feld Reanimationssituation angegeben werden!
Sobald Reanimationsmaßnahmen durchgeführt wurden, darf im Feld KeinTranspMitPat nicht die 02 ausgewählt werden und im Feld Reanimationssituation muss 01  oder 02 oder 03 gewählt werden.
Erfolglose Reanimationen werden mit dem Code 03 = Patient im Einsatzverlauf verstorben dokumentiert.
Wenn Reanimationsmaßnahmen durch andere erfolgten und bei Eintreffen des eigenen RM der ROSC fortbesteht, darf im Feld KeinTranspMitPat nicht die 02 ausgewählt werden und im Feld Reanimationssituation muss 04 gewählt werden.
Die Dokumentation über das Vorliegen eines Einsatzes ohne Transport trotz stattgehabtem Patientenkontakt erfolgt in Kombination mit dem Feld RDTransport (01 = kein Patiententransport, trotz Patientenkontakt).";"Triggerfeld für Dokumentationsumfang und Plausibilitätsprüfungen.
Pflicht wenn:
RDTransport GLEICH  01
Wenn RDTransport NICHT  01, sind sämtliche Inhalte in KeinTranspMitPat außer -2 unzulässig.";-2;x;ObservationDeEmsMindKeinTransportMitPatient (#kein-transport-mit-patient), ValueSet MindKeinTransportMitPatientVS.
RettungstechnischeDaten;KeinTranspOhnePat;siehe Hinweise/ Plausibilitäten/ Abhängigkeiten;RettungstechnischeDaten;Einsatzverlauf EinsatztechnischeDaten;DM;E;"Grund für Einsatz ohne Transport, da kein Patientenkontakt
Werteliste siehe Tabellenblatt Codes";NA + RD;"Pflicht für Einsätze ohne Transport wegen fehlendem Patientenkontakt
nur für Einsätze ohne Patientenkontakt; nicht für Einsätze mit Patientenkontakt ohne Patiententransport (diese müssen unter KeinTranspMitPat dokumentiert werden)
Die Dokumentation über das Vorliegen eines Einsatzes ohne Transport aufgrund fehlenden Patientenkontakts erfolgt in Kombination mit dem Feld RDTransport (02 = kein Patiententransport, da kein Patientenkontakt).";"Triggerfeld für Dokumentationsumfang und Plausibilitätsprüfungen.
Pflicht wenn:
RDTransport GLEICH  02
Wenn RDTransport NICHT  02, sind sämtliche Inhalte in KeinTranspOhnePat außer -2 unzulässig.";-2;x;ObservationDeEmsMindKeinTransportOhnePatient (#kein-transport-ohne-patient), ValueSet MindKeinTransportOhnePatientVS.
RettungstechnischeDaten;DokRM;Ja;RettungstechnischeDaten;EinsatztechnischeDaten;DM;E;"Rettungsmitteltyp des dokumentierenden
Rettungsmittels
Werteliste siehe Tabellenblatt Codes";NA + RD;Codierung des Rettungsmittels, welches den Einsatz abwickelt und dokumentiert.;"Wenn Protokolltyp NA dann sind DokRM  GLEICH  (02 ODER  03 ODER 10 ODER  11 ODER  12 ODER  15 ODER 17
ODER 18 ODER 20) unzulässig
Wenn Protokolltyp RD dann sind DokRM  GLEICH  (01 ODER 04 ODER  05 ODER  06 ODER  07 ODER 08 ODER  09
ODER 13 ODER  14 ODER  16 ODER 19) unzulässig.";;x;ObservationDeEmsMindDokumentierendesRettungsmittel (#dokumentierendes-rettungsmittel), ValueSet MindDokumentierendesRettungsmittelVS.
RettungstechnischeDaten;BeteilRM;Nein;RettungstechnischeDaten;EinsatztechnischeDaten;DM;M;"Rettungsmitteltyp/en des/der beteiligten Rettungsmittel/s
Werteliste siehe Tabellenblatt Codes";NA + RD;"Codierung der am Einsatz beteiligten Rettungsmittel
Wird in der Regel durch die Leitstelle dokumentiert.";;-2;x;ObservationDeEmsMindBeteiligteRettungsmittel (#beteiligte-rettungsmittel), ValueSet MindBeteiligtesRettungsmittelVS.
RettungstechnischeDaten;AerztlQualifikation;"siehe Hinweise/
Plausibilitäten/ Abhängigkeiten";RettungstechnischeDaten;EinsatztechnischeDaten;DM;M;"Fachrichtung/Qualifikation des Notarztes/Transportarztes
Werteliste siehe Tabellenblatt Codes";NA;"Pflicht für NA-Protokolle, außer für Dienstfahrten oder Pauseneinsätze
Es ist immer die Fachrichtung/Qualifikation des dokumentierenden Arztes einzutragen";"Pflicht wenn:
Protokolltyp GLEICH  NA
UND EinsatzArt NICHT  (11 ODER  12)";-2;x;ObservationDeEmsMindAerztlicheQualifikation (#aerztliche-qualifikation), ValueSet MindAerztlicheQualifikationVS.
RettungstechnischeDaten;StatusPersonal;"siehe Hinweise/
Plausibilitäten/ Abhängigkeiten";RettungstechnischeDaten;EinsatztechnischeDaten;DM;E;"Status des Personals
Werteliste siehe Tabellenblatt Codes";NA + RD;"Qualifikation des höchstqualifizierten Mitarbeiters auf dem Rettungsmittel. Beim notarztbesetzten Rettungsmittel die des
Notarztes, beim nicht NA-besetzten Rettungsmittel die des Rettungsdienstmitarbeitenden.
Pflicht, außer für Dienstfahrten und Pauseneinsätze";"Pflicht wenn:
EinsatzArt NICHT  (11 ODER  12)";-2;x;ObservationDeEmsMindPersonalstatus (#personalstatus), ValueSet MindPersonalstatusVS.
RettungstechnischeDaten;EinsatzOrtName;Nein;;EinsatztechnischeDaten;D;E;Text, Zeichenlimit 50;;Bei Einsätzen in Ortschaften Ortsname, sonst Bezeichnung der Straße (7.B. BAB98, B16) oder Name der Gemarkung (z.B. Chiemsee);Für MIND-Datensatz: Feld nicht übermitteln. Abweichungen führen zu Abweisung von Datenlieferungen.;;;
RettungstechnischeDaten;EinsatzStrasseName;Nein;;EinsatztechnischeDaten;D;E;Text, Zeichenlimit 100;;"Bei Einsätzen in Ortschaften Straßenname, sonst Wegekilometer der Straße (z.B. Streckenkilometer 122) oder andere
nähere Bezeichnung (z.B. Ostufer)";Für MIND-Datensatz: Feld nicht übermitteln. Abweichungen führen zu Abweisung von Datenlieferungen.;;;
RettungstechnischeDaten;KollapsBeobachtet;Nein;;EinsatztechnischeDaten;D;E;Werteliste siehe Tabellenblatt Codes_DIVI;;Ja, wenn der Moment des Kollapses / der Synkope / des akuten Ereignisses von Umstehnden beobachtet wurde. Nicht ausgefüllt wird wie nein behandelt;Für MIND-Datensatz: Feld nicht übermitteln. Abweichungen führen zu Abweisung von Datenlieferungen.;;;Nicht umgesetzt (Boolesches Feld). Das Begriffswerk 'Kollaps beobachtet durch' (mind-kollaps-beobachtet-durch-cs) existiert nur für die ZCKB-Ausprägung.
RettungstechnischeDaten;AnkunftVorRettungsdienst;Nein;;EinsatztechnischeDaten;D;E;Werteliste siehe Tabellenblatt Codes_DIVI;;"J/N, wenn Notarzt und Rettungsdienst zu getrennten Zeitpunkten am Einsatzort angekommen sind. Nicht ausgefüllt wird gewertet,
wie unbekannt gewertet.";Für MIND-Datensatz: Feld nicht übermitteln. Abweichungen führen zu Abweisung von Datenlieferungen.;;;
RettungstechnischeDaten;NotarztName;Nein;;EinsatztechnischeDaten;D;E;Text, Zeichenlimit 100;;Klartext Name des Notarztes, ggf. mit Vornamen und Titel;Für MIND-Datensatz: Feld nicht übermitteln. Abweichungen führen zu Abweisung von Datenlieferungen.;;;
RettungstechnischeDaten;AssistenzName;Nein;;EinsatztechnischeDaten;D;E;Text, Zeichenlimit 100;;Klartext Name des höchstqualifizierten Assistenten, ggf. mit Vornamen und Berufsbezeichnung;Für MIND-Datensatz: Feld nicht übermitteln. Abweichungen führen zu Abweisung von Datenlieferungen.;;;
RettungstechnischeDaten;TeamName;Nein;;EinsatztechnischeDaten;D;M;Text, Zeichenlimit 100;;Ggf. weitere Teammitglieder erfassen, durch Kommata getrennt;Für MIND-Datensatz: Feld nicht übermitteln. Abweichungen führen zu Abweisung von Datenlieferungen.;;;
RettungstechnischeDaten;RufnameFahrzeug;Nein;;EinsatztechnischeDaten;D;M;Text, Zeichenlimit 50;;"Rufname des Fahrzeugs, dessen Einsatz hier dokumentiert wird. Steigt der dokumentierende Notarzt um, so werden
hier beide Rufnamen angegeben.";Für MIND-Datensatz: Feld nicht übermitteln. Abweichungen führen zu Abweisung von Datenlieferungen.;;;
RettungstechnischeDaten;FehleinsatzGrund;Nein;;EinsatztechnischeDaten;D;E;Werteliste siehe Tabellenblatt Codes_DIVI;;Gründe, warum im gegebenen Fall kein Patient behandelt werden konnte bzw. warum ein anders gearteter Einsatz (Geräte-Zubringer etc.) nicht erfolgreich abgeschlossen werden konnte;Für MIND-Datensatz: Feld nicht übermitteln. Abweichungen führen zu Abweisung von Datenlieferungen.;;;
RettungstechnischeDaten;Dokumentierend;Nein;;Bemerkungen;D;E;Text, Zeichenlimit 100;;"Vorname, Name + ggf. Titel und Funktion des Dokumentierenden/Dokumentationsverantwortlichen, ggf. auch siehe
NotarztName oder siehe AssistenzName";Für MIND-Datensatz: Feld nicht übermitteln. Abweichungen führen zu Abweisung von Datenlieferungen.;;;
Kapitel: ZeitenEinsatzablauf;Kapitel: ZeitenEinsatzablauf;;;;;;;;;dieses Kapitel ist immer Pflicht;;;
ZeitenEinsatzablauf;Einsatzdatum;Ja;ZeitenEinsatzablauf;EinsatztechnischeDaten;DM;E;Einsatzdatum;NA + RD;Einsatzdatum bezieht sich auf den Zeitpunkt der Alarmierung.;;;x;Über Encounter.period.start abgebildet (Alarmzeitpunkt inkl. Uhrzeit).
ZeitenEinsatzablauf;SymptombeginnVor24h;"siehe Hinweise/
Plausibilitäten/ Abhängigkeiten";ZeitenEinsatzablauf;EinsatztechnischeDaten;DM;E;"Bestehen die Symptome länger als 24 Stunden oder ist
dies unbekannt?
Werteliste siehe Tabellenblatt Codes";NA + RD;"Pflicht für NA-Protokolle bei Primäreinsätzen, wenn ein Patientenkontakt stattgefunden hat, außer wenn es sich um eine
primäre Todesfeststellung (ohne CPR) oder eine Hilfeleistung oder eine Unterstützung eines anderen RM handelt.
Pflicht für RD-Protokolle bei Primäreinsätzen ohne erkennbare Beteiligung eines physisch anwesenden NA, wenn ein Patientenkontakt stattgefunden hat, außer wenn es sich um eine primäre Todesfeststellung (ohne CPR) oder eine Hilfeleistung oder eine Unterstützung eines anderen RM handelt.";"Pflicht wenn:
Protokolltyp GLEICH NA
UND RDTransport GLEICH  (01 ODER  03 ODER  04 ODER  05 ODER 06
ODER 07 ODER  08 ODER  09 ODER  98)
UND EinsatzArt GLEICH  (01 ODER  03)
UND KeinTranspMitPat NICHT  (02 ODER  05 ODER 08)
ODER
Protokolltyp GLEICH  RD
UND  RDTransport GLEICH  (01 ODER  03 ODER  04 ODER  05 ODER 06
ODER  07 ODER  08 ODER  09 ODER  98)
UND  EinsatzArt GLEICH  (02 ODER  04)
UND  NotarztNachgefordert GLEICH  02
UND  KeinTranspMitPat NICHT  (02 ODER  05 ODER  08)";-2;x;ObservationDeEmsMindSymptombeginnVor24h (#symptombeginn-vor-24h), valueBoolean. MIND 00 (unbekannt) via dataAbsentReason.
ZeitenEinsatzablauf;Symptombeginn;"siehe Hinweise/
Plausibilitäten/ Abhängigkeiten";ZeitenEinsatzablauf;EinsatztechnischeDaten;DM;E;"Ereigniszeitpunkt, Unfallzeitpunkt, Kollapszeitpunkt,
Zeitpunkt Symptom-/Beschwerdebeginn";NA + RD;"Wenn der Symptombeginn bzw. Unfall-/Ereignis-/Kollapszeitpunkt (bekannt oder geschätzt) innerhalb von 24 Stunden
vor Alarmierung liegt, ist die Uhrzeit hier anzugeben.";"Pflicht wenn:
SymptombeginnVor24h GLEICH  02
UND EinsatzArt NICHT  (11 ODER  12)";"1902-02-
02T22:00
:00.000+
01:00";x;ObservationDeEmsMindSymptombeginn (#symptombeginn), valueDateTime.
ZeitenEinsatzablauf;SymptombeginnGesichert;"siehe Hinweise/
Plausibilitäten/ Abhängigkeiten";ZeitenEinsatzablauf;EinsatztechnischeDaten;DM;E;"Ist der Symptombeginn gesichert oder geschätzt?
Werteliste siehe Tabellenblatt Codes";NA + RD;"Gibt es belastbare Angaben zum Symptombeginn durch Patienten, Angehörige, Zeugen, etc.?
Pflicht, wenn Symptombeginn innerhalb der letzten 24 Stunden.";"Pflicht wenn:
SymptombeginnVor24h GLEICH  02
UND EinsatzArt NICHT  (11 ODER  12)";-2;x;ObservationDeEmsMindSymptombeginnGesichert (#symptombeginn-gesichert). Boolesche Inversion: true = geschätzt, false = gesichert.
ZeitenEinsatzablauf;ZeitNotfallmeldung;Nein;ZeitenEinsatzablauf;EinsatztechnischeDaten;M;E;"Zeitpunkt Eingang Notfallmeldung
in LST";NA + RD;"Definition: Zeitpunkt des Anrufes (Aufschaltzeitpunkt aus Leitstellen-Datensatz)
Wird in der Leitstelle dokumentiert.";;"1902-02-
02T22:00
:00.000+
01:00";x;ObservationDeEmsMindZeitNotfallmeldung (#zeit-notfallmeldung), valueDateTime.
ZeitenEinsatzablauf;ZeitAlarm;Nein;ZeitenEinsatzablauf;EinsatztechnischeDaten;DM;E;Zeitpunkt Alarm/Auftragsvergabe;NA + RD;"Definition: Auslösung Alarm durch LST
Wird in der Leitstelle dokumentiert.";;"1902-02-
02T22:00
:00.000+
01:00";x;ObservationDeEmsMindZeitAlarm (#zeit-alarm), valueDateTime.
ZeitenEinsatzablauf;ZeitAusruecken;Nein;ZeitenEinsatzablauf;;M;E;Zeitpunkt Abfahrt/Abflug Standort Status 3;NA + RD;Definition: Ausrücken des einsatzklaren Rettungsmittels (Besatzung komplett!) Wird in der Leitstelle dokumentiert.;;"1902-02-
02T22:00
:00.000+
01:00";x;ObservationDeEmsMindZeitAusruecken (#zeit-ausruecken), valueDateTime.
ZeitenEinsatzablauf;ZeitAnkunftEinsatzort;Nein;ZeitenEinsatzablauf;EinsatztechnischeDaten;DM;E;Zeitpunkt Ankunft Einsatzort Status 4;NA + RD;Definition: Ankunft des dokumentierenden RM am Einsatzort. Wird in der Leitstelle dokumentiert.;;"1902-02-
02T22:00
:00.000+
01:00";x;ObservationDeEmsMindZeitAnkunftEinsatzort (#zeit-ankunft-einsatzort), valueDateTime.
ZeitenEinsatzablauf;ZeitAnkunftPatientPatientenkontakt;siehe Hinweise/ Plausibilitäten/ Abhängigkeiten;ZeitenEinsatzablauf;EinsatztechnischeDaten;DM;E;Zeitpunkt Ankunft Patient;NA + RD;"Definition: Ankunft der Rettungsmittelbesatzung beim Patienten bzw. Beginn der Übernahme des Patienten bei Sekundäreinsätzen.
Pflicht für NA-Protokolle, wenn ein Patientenkontakt stattgefunden hat, außer wenn es sich um eine Hilfeleistung oder die Unterstützung eines anderen RM handelt.
Pflicht für RD-Protokolle, wenn ein Patientenkontakt stattgefunden hat, außer wenn es sich um einen Krankentransport oder um eine Hilfeleistung oder die Unterstützung eines anderen RM handelt.";"Pflicht wenn:
Protokolltyp GLEICH  NA
UND RDTransport GLEICH  (01 ODER  03 ODER  04 ODER  05 ODER 06
ODER 07 ODER  08 ODER  09 ODER  98)
UND KeinTranspMitPat NICHT  (05 ODER 08)
ODER
Protokolltyp GLEICH  RD
UND RDTransport GLEICH  (01 ODER 03 ODER 04 ODER 05 ODER 06
ODER 07 ODER 08 ODER 09 ODER 98)
UND NICHT  (EinsatzArt GLEICH  10
ODER KeinTranspMitPat GLEICH  [05 ODER  08])";"1902-02-
02T22:00
:00.000+
01:00";x;ObservationDeEmsMindZeitAnkunftPatient (#zeit-ankunft-patient), valueDateTime.
ZeitenEinsatzablauf;ZeitTransportbeginn;Nein;ZeitenEinsatzablauf;EinsatztechnischeDaten;DM;E;"Zeitpunkt Transportbeginn
Status 7";NA + RD;"Definition: Beginn des Patiententransportes.
Wird in der Leitstelle dokumentiert.";;"1902-02-
02T22:00
:00.000+
01:00";x;ObservationDeEmsMindZeitTransportbeginn (#zeit-transportbeginn), valueDateTime.
ZeitenEinsatzablauf;ZeitEintreffenTransportziel;Nein;ZeitenEinsatzablauf;EinsatztechnischeDaten;DM;E;"Zeitpunkt Eintreffen Transportziel
Status 8";NA + RD;"Definition: Fahrzeug trifft am Transportziel ein
Wird in der Leitstelle dokumentiert.";;"1902-02-
02T22:00
:00.000+
01:00";x;ObservationDeEmsMindZeitEintreffenTransportziel (#zeit-eintreffen-transportziel), valueDateTime.
ZeitenEinsatzablauf;ZeitUebergabePatient;"siehe Hinweise/
Plausibilitäten/ Abhängigkeiten";ZeitenEinsatzablauf;EinsatztechnischeDaten;DM;E;Übergabe des Patienten an Weiterbehandler;NA + RD;"Definition: Übergabe an Personal der Zielklinik/Praxis oder Übergabe an anderes Rettungsmittel (Übergang der
Verantwortung für den Patienten).
Bei Einsätzen ohne Patiententransport optional als Abschluss der Behandlung.
Pflicht für NA-Protokolle, wenn ein Patiententransport stattgefunden hat (Übergabezeitpunkt an Klinik bzw. an anderes transportierendes RM, wenn dokumentierender NA den Transport nicht begleitet)
Pflicht für RD-Protokolle, wenn ein Patiententransport durch das dokumentierende RM stattgefunden hat und keine notärztliche Begleitung erfolgt bzw. die Begleitung ausschließlich durch einen TNA durchgeführt wurde.";"Pflicht wenn:
Protokolltyp GLEICH  NA
UND RDTransport GLEICH  (03 ODER  04 ODER  05 ODER  06
ODER 07 ODER  08 ODER  09 ODER 98)
ODER
Protokolltyp GLEICH  RD
UND RDTransport GLEICH  (03 ODER  04 ODER  05 ODER  06
ODER  07 ODER  08 ODER  09 ODER 98)
UND AerztlBegleit ENTHÄLT  (00 ODER 03)
UND AerztlBegleit ENTHÄLT NICHT  (01 ODER 02 ODER 04
ODER 05 ODER  98)";"1902-02-
02T22:00
:00.000+
01:00";x;ObservationDeEmsMindZeitUebergabePatient (#zeit-uebergabe-patient), valueDateTime.
ZeitenEinsatzablauf;ZeitEinsatzende;Ja;ZeitenEinsatzablauf;EinsatztechnischeDaten;DM;E;Zeitpunkt Einsatzende;NA + RD;"Definition: Einsatz ist abgeschlossen (inkl. aller mit dem Einsatz zusammenhängenden Arbeiten wie z.B.
Desinfektionstätigkeiten und Dokumentation).";;;;"Nicht als eigenes Feld umgesetzt; nur im Beispiel über Encounter.period.end gesetzt."
Kapitel: Patientendaten;Kapitel: Patientendaten;;;;;;;;"Pflicht für NA-Protokolle, wenn ein Patientenkontakt stattgefunden hat, außer wenn es sich um eine Hilfeleistung oder eine Unterstützung eines anderen Rettungsmittels handelt.
Pflicht für RD-Protokolle, wenn ein Patientenkontakt stattgefunden hat, außer wenn es sich beim dokumentierenden Rettungsmittel um einen Krankentransport, eine Hilfeleistung oder eine Unterstützung eines anderen Rettungsmittels handelt.";"Pflicht wenn:
Protokolltyp GLEICH  NA
UND RDTransport GLEICH  (01 ODER  03 ODER  04 ODER  05 ODER 06
ODER 07 ODER  08 ODER  09 ODER  98)
UND KeinTranspMitPat NICHT  (05 ODER  08)
ODER
Protokolltyp GLEICH  RD
UND RDTransport GLEICH  (01 ODER  03 ODER  04 ODER 05 ODER 06
ODER 07 ODER  08 ODER 09 ODER 98)
UND  NICHT  (EinsatzArt GLEICH  10
ODER KeinTranspMitPat GLEICH  [05 ODER  08])";;;
Patientendaten;Alter;Ja;Patientendaten;PatStammdaten;M;E;"Alter des Patienten
Werteliste siehe Tabellenblatt Codes";NA + RD;"Spezifische Dokumentation für Kinder unter einem Monat (siehe Codes)
Angabe in vollendeten Jahren und Lebensmonaten (Bezugspunkt ist die Eintreffzeit).
Ab dem 29. Lebenstag gilt der erste Lebensmonat als vollendet. In diesem Fall ist der Wert 000:01 zu übermitteln
Wenn das Alter nicht bekannt ist, soll es geschätzt werden. Auch in seltenen Fällen, wenn die Schätzung des Alters schwierig ist, soll trotzdem eine grobe Vermutung dokumentiert werden";"Wenn Kapitel ""Patientendaten"" Pflicht, dann ist 222:00 unzulässig.";222:00;x;"ObservationDeEmsMindAlter (#patientenalter) mit Komponenten alter-jahre/alter-monate (0..999 Jahre, 0..11 Monate; Mind-alter-jahre-/monate-bereich). Abweichung: jjj:mm-Kodierung und Max. 125:00 entfallen."
Patientendaten;ValiditaetAlter;Ja;Patientendaten;PatStammdaten;M;E;"Ist das Alter gesichert oder geschätzt?
Werteliste siehe Tabellenblatt Codes";NA + RD;;"Wenn Kapitel ""Patientendaten"" Pflicht, dann ist -2 unzulässig.";-2;x;"ObservationDeEmsMindAltersvaliditaet (#altersvaliditaet), valueBoolean; boolesche Inversion: true = geschätzt, false = sicher bekannt."
Patientendaten;Geschlecht;Ja;Patientendaten;PatStammdaten;DM;E;"Geschlecht des Patienten
Werteliste siehe Tabellenblatt Codes";NA + RD;;"Wenn Kapitel ""Patientendaten"" Pflicht, dann ist -2 unzulässig.";-2;x;"PatientDeEmsMindR4: Patient.gender 1..1 (MIND-Pflicht) mit Extension gender-amtlich-de; -1 -> unknown."
Patientendaten;PatName;Nein;;PatStammdaten;D;E;Text, Zeichenlimit 50;;Name des Patienten;Für MIND-Datensatz: Feld nicht übermitteln. Abweichungen führen zu Abweisung von Datenlieferungen.;;;Bewusst nicht modelliert: PatientDeEmsMindR4 deaktiviert name/birthDate/address/identifier (Datenschutz, divi D).
Patientendaten;PatPseudonym;Nein;;PatStammdaten;D;E;Werteliste siehe Tabellenblatt Codes_DIVI;;"Ja, wenn Patientenname nicht bekannt und ein Pseudonym (ggf. Zählnummer bei MANV) gewählt wurde.
Keine Angabe wird wie Nein gewertet, sofern ein Name eingetragen ist";Für MIND-Datensatz: Feld nicht übermitteln. Abweichungen führen zu Abweisung von Datenlieferungen.;;;
Patientendaten;PatVorname;Nein;;PatStammdaten;D;E;Text, Zeichenlimit 50;;Vorname des Patienten;Für MIND-Datensatz: Feld nicht übermitteln. Abweichungen führen zu Abweisung von Datenlieferungen.;;;
Patientendaten;PatGebDat;Nein;;PatStammdaten;D;E;Datum, Format: TT/MM/JJJJ (10 Zeichen);;Geburtsdatum des Patienten;Für MIND-Datensatz: Feld nicht übermitteln. Abweichungen führen zu Abweisung von Datenlieferungen.;;;
Patientendaten;GebDatGeschaetzt;Nein;;PatStammdaten;D;E;Werteliste siehe Tabellenblatt Codes_DIVI;;"Ja, wenn Geburtsdatum geschätzt wurde. Keine Angabe wird wie Nein gewertet, sofern ein Geburtsdatum eingetragen
ist";Für MIND-Datensatz: Feld nicht übermitteln. Abweichungen führen zu Abweisung von Datenlieferungen.;;;
Patientendaten;Strasse;Nein;;PatStammdaten;D;E;Text, Zeichenlimit 100;;Strasse des Wohnorts des Patienten;Für MIND-Datensatz: Feld nicht übermitteln. Abweichungen führen zu Abweisung von Datenlieferungen.;;;
Patientendaten;Plz;Nein;;PatStammdaten;D;E;Text, Zeichenlimit 10;;"Postleitzahl des Wohnorts des Patienten
Text weil Zahl die Länderkennung (z.B. D-) bei länderübergreifenden Einsätzen nicht erlauben würde";Für MIND-Datensatz: Feld nicht übermitteln. Abweichungen führen zu Abweisung von Datenlieferungen.;;;
Patientendaten;Ort;Nein;;PatStammdaten;D;E;Text, Zeichenlimit 50;;Ort des Wohnorts des Patienten;Für MIND-Datensatz: Feld nicht übermitteln. Abweichungen führen zu Abweisung von Datenlieferungen.;;;
Patientendaten;Kasse;Nein;;PatStammdaten;D;E;Text, Zeichenlimit 50;;Krankenkasse des Patienten;Für MIND-Datensatz: Feld nicht übermitteln. Abweichungen führen zu Abweisung von Datenlieferungen.;;;
Patientendaten;KasseNr;Nein;;PatStammdaten;D;E;Text, Zeichenlimit 50;;Krankenkassen-Nummer der Krankenkasse des Patienten;Für MIND-Datensatz: Feld nicht übermitteln. Abweichungen führen zu Abweisung von Datenlieferungen.;;;
Patientendaten;VersNr;Nein;;PatStammdaten;D;E;Text, Zeichenlimit 50;;Versicherungs-Nummer des Patienten;Für MIND-Datensatz: Feld nicht übermitteln. Abweichungen führen zu Abweisung von Datenlieferungen.;;;
Patientendaten;Notfallgeschehen;Nein;;Notfallgeschehen;D;E;Text, Zeichenlimit 2000;;"Anamnese, klinische Untersuchung und weitere relevante Angaben zum Einsatz, sofern diese im Protokoll nicht an anderer Stelle erfasst werden können (Beispiel: Anwesenheit von aggressiven Angehörigen, Behinderung durch
Schaulustige etc.)";Für MIND-Datensatz: Feld nicht übermitteln. Abweichungen führen zu Abweisung von Datenlieferungen.;;;
Patientendaten;BMIunter40;Nein;;Notfallgeschehen;D;E;Werteliste siehe Tabellenblatt Codes_DIVI;;"Ja, wenn geschätzter Body-Mass-Index kleiner als 40 ist. Nein, wenn geschätzter Body-Mass-Index gleich oder größer
als 40 ist.
Keine Angabe wird nicht gewertet";Für MIND-Datensatz: Feld nicht übermitteln. Abweichungen führen zu Abweisung von Datenlieferungen.;;;
Patientendaten;Versorgungssituation;Nein;;Notfallgeschehen;D;E;Werteliste siehe Tabellenblatt Codes_DIVI;;Angaben zur Versorgungssituation des Patienten vor dem Einsatzereignis;Für MIND-Datensatz: Feld nicht übermitteln. Abweichungen führen zu Abweisung von Datenlieferungen.;;;
Patientendaten;AntikoagulanzienVorEreignis;Nein;;Notfallgeschehen;D;E;Werteliste siehe Tabellenblatt Codes_DIVI;;Angaben zur Einnahme von Antikoagulantien durch den Patienten vor dem Einsatzereignis;Für MIND-Datensatz: Feld nicht übermitteln. Abweichungen führen zu Abweisung von Datenlieferungen.;;;
Patientendaten;Ersthelfermassnahmen;Nein;;Notfallgeschehen;D;E;Werteliste siehe Tabellenblatt Codes_DIVI;;Angaben zum Einsatz von Ersthelfermaßnahmen vor dem Eintreffen professioneller Hilfe;Für MIND-Datensatz: Feld nicht übermitteln. Abweichungen führen zu Abweisung von Datenlieferungen.;;;
Patientendaten;Dialysepflichtigkeit;Nein;;Notfallgeschehen;D;E;Werteliste siehe Tabellenblatt Codes_DIVI;;Ja, wenn beim Patienten vor dem Einsatzereignis Dialysepflichtigkeit bestand. Keine Angabe wird wie Nein gewertet;Für MIND-Datensatz: Feld nicht übermitteln. Abweichungen führen zu Abweisung von Datenlieferungen.;;;
Patientendaten;Infektiositaet;Nein;;Notfallgeschehen;D;E;Werteliste siehe Tabellenblatt Codes_DIVI;;"Ja, wenn beim Patienten vor dem Einsatzereignis gesundheits- bzw.  hygienisch relevante, chronische Infektionen
bekannt waren. Keine Angabe wird wie Nein gewertet";Für MIND-Datensatz: Feld nicht übermitteln. Abweichungen führen zu Abweisung von Datenlieferungen.;;;
Patientendaten;VitalProblem;Nein;;Notfallgeschehen;D;M;Werteliste siehe Tabellenblatt Codes_DIVI;;Auflistung der vital bedrohlichen Probleme des Patienten nach dem cABCDE-Schema;Für MIND-Datensatz: Feld nicht übermitteln. Abweichungen führen zu Abweisung von Datenlieferungen.;;;
Kapitel: ErsteMesswerteUndBefunde;Kapitel: ErsteMesswerteUndBefunde;;;;;;Erste gemessenene Werte bzw. erste erhobene Befunde;;"Pflicht für NA-Protokolle, wenn ein Patientenkontakt stattgefunden hat, außer wenn es sich um eine Hilfeleistung oder
eine Unterstützung eines anderen Rettungsmittels handelt.
Pflicht für RD-Protokolle, wenn ein Patientenkontakt stattgefunden hat, außer wenn es sich um einen Krankentransport, eine Hilfeleistung, eine Unterstützung eines anderen Rettungsmittels oder um eine Verlegung mit physisch    anwesendem Notarzt handelt.";"Pflicht wenn:
Protokolltyp GLEICH  NA
UND RDTransport GLEICH  (01 ODER  03 ODER  04 ODER 05
ODER 06 ODER  07 ODER  08
ODER 09 ODER  98)
UND KeinTranspMitPat NICHT  (05 ODER  08)
ODER
Protokolltyp GLEICH  RD
UND RDTransport GLEICH  (01 ODER 03 ODER  04 ODER 05
ODER 06 ODER  07 ODER  08
ODER 09 ODER  98)
UND KeinTranspMitPat NICHT  (05 ODER 08)
UND EinsatzArt NICHT  (05 ODER  07 ODER  10)";;;
ErsteMesswerteUndBefunde;Bewusstsein1;Ja;ErsteMesswerteUndBefunde;ErsteBefundeNeuro;DM;E;"Bewusstseinslage
Werteliste siehe Tabellenblatt Codes";NA + RD;Es ist die jeweils beste Ausprägung zu wählen;"Wenn Kapitel ""ErsteMesswerteUndBefunde"" Pflicht, dann ist -2 unzulässig.";-2;T;Terminologie: mind-bewusstseinslage-cs / MindBewusstseinslageVS. Noch kein Profil.
ErsteMesswerteUndBefunde;GlasgowComaScale1;Ja;ErsteMesswerteUndBefunde;ErsteBefundeNeuro;DM;E;"Glasgow Coma Scale
Werteliste siehe Tabellenblatt Codes";NA + RD;Bei Seitendifferenz bessere Seite;"Wenn Kapitel ""ErsteMesswerteUndBefunde"" Pflicht, dann ist -2 unzulässig.";-2;;
ErsteMesswerteUndBefunde;NeurologischeAuffaelligkeiten1;Ja;ErsteMesswerteUndBefunde;ErsteBefundeNeuro;DM;M;"Neurologische Auffälligkeiten
Werteliste siehe Tabellenblatt";NA + RD;"• sNIHSS-EMS Items und BEFAST werden abgebildet.
• die Dokumentation von Schweregraden und der Körperseite ist im
MIND nicht vorgesehen";"Wenn Kapitel ""ErsteMesswerteUndBefunde"" Pflicht, dann ist -2 unzulässig.
Kombinationen mit 00, -1 oder 99 sind unzulässig.";-2;T;Terminologie: mind-neurologische-auffaelligkeit-cs (BEFAST/sNIHSS). Noch kein Profil.
ErsteMesswerteUndBefunde;SystolischerBlutdruck1;Ja;ErsteMesswerteUndBefunde;ErsteMesswerte;DM;E;"Systolischer Blutdruck Messwert in mmHg
Werteliste siehe Tabellenblatt Codes";NA + RD;Bedeutet RR-Messung durchgeführt, wenn Angabe im Wertebereich oder 999.;"Wenn Kapitel ""ErsteMesswerteUndBefunde"" Pflicht, dann ist -2 unzulässig.";-2;;
ErsteMesswerteUndBefunde;EKGBefund1;Ja;ErsteMesswerteUndBefunde;ErsteMesswerte;DM;M;"EKG-Befund
Werteliste siehe Tabellenblatt Codes";NA + RD;"Hier sollen nur die Ausprägungen dokumentiert werden, die zum Zeitpunkt der ersten Untersuchung zutreffend waren (nicht diejenigen im weiteren Verlauf).
Für QS wird EKG als durchgeführt gewertet, wenn Angabe ungleich -1.";"Wenn Kapitel ""ErsteMesswerteUndBefunde"" Pflicht, dann ist -2 unzulässig.
Kombinationen mit -1 oder 99 sind unzulässig.";-2;T;Terminologie: mind-ekg-befund-cs / MindEkgbefundVS. Noch kein Profil.
ErsteMesswerteUndBefunde;Herzfrequenz1;Ja;ErsteMesswerteUndBefunde;ErsteMesswerte;DM;E;"Herzfrequenz Messwert in /min
Werteliste siehe Tabellenblatt Codes";NA + RD;Vom Monitor abgelesene Herzfrequenz pro Minute (ggf. palpatorisch oder pulsoximetrisch bestimmte Pulsfrequenz, wenn kein EKG abgeleitet wurde).;"Wenn Kapitel ""ErsteMesswerteUndBefunde"" Pflicht, dann ist -2 unzulässig.
Werte GRÖSSER 0 bei EKGBefund1 GLEICH  09 sind unzulässig.";-2;;
ErsteMesswerteUndBefunde;Atemfrequenz1;Ja;ErsteMesswerteUndBefunde;ErsteMesswerte;DM;E;"Atemfrequenz
Messwert in /min
Werteliste siehe Tabellenblatt Codes";NA + RD;Ausgezählte oder vom Monitor abgelesene Atemfrequenz pro Minute.;"Wenn Kapitel ""ErsteMesswerteUndBefunde"" Pflicht, dann ist -2 unzulässig.
Werte GRÖSSER 0 bei Atmung1 GLEICH  08 sind unzulässig.";-2;;
ErsteMesswerteUndBefunde;Sauerstoffsaettigung1;Ja;ErsteMesswerteUndBefunde;ErsteMesswerte;DM;E;"Sauerstoffsättigung
Messwert in %
Werteliste siehe Tabellenblatt Codes";NA + RD;"Bedeutet Pulsoxymetrie durchgeführt, wenn Angabe im Wertebereich oder 999.
Der Erstbefund der Sauerstoffsättigung sollte möglichst vor Therapie mit Sauerstoff ermittelt werden.";"Wenn Kapitel ""ErsteMesswerteUndBefunde"" Pflicht, dann ist -2 unzulässig.";-2;;
ErsteMesswerteUndBefunde;Rekapillarisierungszeit;Ja;ErsteMesswerteUndBefunde;ErsteMesswerte;DM;E;"Rekapillarisierungszeit
Messwert in s
Werteliste siehe Tabellenblatt Codes";NA + RD;;"Wenn Kapitel ""ErsteMesswerteUndBefunde"" Pflicht, dann ist -2 unzulässig.";-2;;
ErsteMesswerteUndBefunde;Schmerzempfinden1;Ja;ErsteMesswerteUndBefunde;ErsteMesswerte;DM;E;"Schmerzempfinden nach
Numerischer Rating Scala (NRS)
Werteliste siehe Tabellenblatt Codes";NA + RD;Erstbefund des Schmerzempfindens vor dem Einleiten von Maßnahmen.;"Wenn Kapitel ""ErsteMesswerteUndBefunde"" Pflicht, dann ist -2 unzulässig.
Wenn Bewusstsein1 GLEICH  05, dann ist Schmerzempfinden GLEICH  (01 bis 10) unzulässig.";-2;;
ErsteMesswerteUndBefunde;Schmerzerleben;Nein;ErsteMesswerteUndBefunde;ErsteMesswerte;DM;E;Werteliste siehe Tabellenblatt Codes;NA + RD;"Mit dem Schmerzerleben soll der subjektive Bedarf eines Patienten nach einer Schmerztherapie zum Ausdruck
gebracht werden und damit deren Indikation dokumentiert werden.";;-2;T;Terminologie: mind-schmerzerleben-cs / MindSchmerzerlebenVS. Noch kein Profil.
ErsteMesswerteUndBefunde;Blutzuckerwert1;Ja;ErsteMesswerteUndBefunde;ErsteMesswerte;DM;E;"Blutzucker
Messwert in mg/dl bzw. mmol/l
Werteliste siehe Tabellenblatt Codes";NA + RD;Bedeutet Blutzuckermessung durchgeführt, wenn Angabe im Wertebereich, 997, 998 oder 999;"Triggerfeld für Dokumentationsumfang und Plausibilitätsprüfungen.
Bei Auswahl 0 bis 900 bzw. 0.0 bis 50.0 wird BlutzuckerEinheit zum Pflichtfeld Wenn Kapitel ""ErsteMesswerteUndBefunde"" Pflicht, dann ist -2 unzulässig.";-2;;
ErsteMesswerteUndBefunde;BlutzuckerEinheit;"siehe Hinweise/
Plausibilitäten/ Abhängigkeiten";ErsteMesswerteUndBefunde;ErsteMesswerte;DM;E;Werteliste siehe Tabellenblatt Codes;NA + RD;Ermöglicht die Dokumentation der im jeweiligen Bundesland / Rettungsdienstbereich gültigen Maßeinheit für den Blutzuckerwert;"Pflicht wenn:
Blutzuckerwert1 ODER Blutzuckerwert2 ENTHÄLT  (0 bis 900 bzw. 0.0 bis 50.0)";-2;;
ErsteMesswerteUndBefunde;Temperatur;Ja;ErsteMesswerteUndBefunde;ErsteMesswerte;DM;E;"Temperatur
Messwert in Grad Celsius
Werteliste siehe Tabellenblatt Codes";NA + RD;"Bedeutet Temperatur-Messung durchgeführt, wenn Angabe im Wertebereich oder 99.9.
Keine explizite Ortsangabe, wenn möglich zentral (Tympanon)";"Wenn Kapitel ""ErsteMesswerteUndBefunde"" Pflicht, dann ist -2 unzulässig.";-2;;
ErsteMesswerteUndBefunde;Atmung1;Ja;ErsteMesswerteUndBefunde;ErsteMesswerte;DM;M;"Klinische Befunde Atmung
Werteliste siehe Tabellenblatt Codes";NA + RD;"Hier sollen nur die Ausprägungen dokumentiert werden, die zum Zeitpunkt der ersten Untersuchung zutreffend waren
(nicht diejenigen im weiteren Verlauf).";"Wenn Kapitel ""ErsteMesswerteUndBefunde"" Pflicht, dann ist -2 unzulässig.
Kombinationen mit -1, 00 oder 99 sind unzulässig.";-2;T;Terminologie: mind-atmung-cs / MindAtmungVS. Noch kein Profil.
ErsteMesswerteUndBefunde;Hautbefunde;Ja;ErsteMesswerteUndBefunde;ErsteMesswerte;DM;M;"Hautbefunde
Werteliste siehe Tabellenblatt Codes";NA + RD;;"Wenn Kapitel ""ErsteMesswerteUndBefunde"" Pflicht, dann ist -2 unzulässig.
Kombinationen mit -1, 00 oder 99 sind unzulässig.";-2;T;Terminologie: mind-hautbefund-cs / MindHautbefundVS. Noch kein Profil.
ErsteMesswerteUndBefunde;Psyche1;Ja;ErsteMesswerteUndBefunde;ErsteMesswerte;M;M;"Psychischer Zustand
Werteliste siehe Tabellenblatt Codes";NA + RD;Hier sollen nur die Ausprägungen dokumentiert werden, die zum Zeitpunkt der ersten Untersuchung zutreffend waren (nicht diejenigen im weiteren Verlauf).;"Wenn Kapitel ""ErsteMesswerteUndBefunde"" Pflicht, dann ist -2 unzulässig.
Kombinationen mit -1, 00 oder 99 sind unzulässig.";-2;T;Terminologie: mind-psychischer-zustand-cs / MindPsychischerZustandVS. Noch kein Profil.
ErsteMesswerteUndBefunde;Pupillenweite1;Ja;ErsteMesswerteUndBefunde;ErsteMesswerte;M;E;"Pupillenweite
Werteliste siehe Tabellenblatt Codes";NA + RD;Es ist die klinisch relevanteste Ausprägung zu dokumentieren;"Wenn Kapitel ""ErsteMesswerteUndBefunde"" Pflicht, dann ist -2 unzulässig.";-2;T;Terminologie: mind-pupillenweite-cs / MindPupillenweiteVS. Noch kein Profil.
ErsteMesswerteUndBefunde;Lichtreaktion1;Ja;ErsteMesswerteUndBefunde;ErsteMesswerte;DM;E;"Lichtreaktion
Werteliste siehe Tabellenblatt Codes";NA + RD;;"Wenn Kapitel ""ErsteMesswerteUndBefunde"" Pflicht, dann ist -2 unzulässig.";-2;T;Terminologie: mind-lichtreaktion-cs / MindLichtreaktionVS. Noch kein Profil.
ErsteMesswerteUndBefunde;EtCO2Wert1;siehe Hinweise/ Plausibilitäten/ Abhängigkeiten;ErsteMesswerteUndBefunde;ErsteMesswerte;DM;E;"erster gemessener etCO2  Wert (unter Beatmung in mmHg gemessen)
Werteliste siehe Tabellenblatt Codes";NA + RD;"Bedeutet Kapnometrie durchgeführt, wenn Angabe im Wertebereich oder 999.
Pflicht, wenn eine Atemwegssicherung oder eine maschinelle invasive Beatmung (unterstützt oder kontrolliert) dokumentiert ist .";"Pflicht wenn:
Airway GLEICH  (03 ODER  05 ODER 07)
ODER Atemunterst GLEICH 05";-2;;
ErsteMesswerteUndBefunde;ZeitErsteWerte;Nein;;ErsteBefundeNeuro;D;E;Angabe von Datum und Uhrzeit;;Zeit zu der begonnen wurde, die die ersten Werte des Kapitels ErsteMesswerteNeuro erfasst wurden;Für MIND-Datensatz: Feld nicht übermitteln. Abweichungen führen zu Abweisung von Datenlieferungen.;;;
ErsteMesswerteUndBefunde;GCSAugenOeffnen1;Nein;;ErsteBefundeNeuro;D;E;Werteliste siehe Tabellenblatt Codes_DIVI;;Erste Werte: GCS-Stadium für Augen öffnen;Für MIND-Datensatz: Feld nicht übermitteln. Abweichungen führen zu Abweisung von Datenlieferungen.;;;
ErsteMesswerteUndBefunde;GCSVerbaleReaktion1;Nein;;ErsteBefundeNeuro;D;E;Werteliste siehe Tabellenblatt Codes_DIVI;;Erste Werte: GCS-Stadium für Beste verbale Reaktion;Für MIND-Datensatz: Feld nicht übermitteln. Abweichungen führen zu Abweisung von Datenlieferungen.;;;
ErsteMesswerteUndBefunde;GCSMotorischArmRechts1;Nein;;ErsteBefundeNeuro;D;E;Werteliste siehe Tabellenblatt Codes_DIVI;;Erste Werte: GCS-Stadium für Beste motorische Reaktion am rechten Arm;Für MIND-Datensatz: Feld nicht übermitteln. Abweichungen führen zu Abweisung von Datenlieferungen.;;;
ErsteMesswerteUndBefunde;GCSMotorischArmLinks1;Nein;;ErsteBefundeNeuro;D;E;Werteliste siehe Tabellenblatt Codes_DIVI;;Erste Werte: GCS-Stadium für Beste motorische Reaktion am linken Arm;Für MIND-Datensatz: Feld nicht übermitteln. Abweichungen führen zu Abweisung von Datenlieferungen.;;;
ErsteMesswerteUndBefunde;GCSMotorischBeinRechts1;Nein;;ErsteBefundeNeuro;D;E;Werteliste siehe Tabellenblatt Codes_DIVI;;Erste Werte: GCS-Stadium für Beste motorische Reaktion am rechten Bein;Für MIND-Datensatz: Feld nicht übermitteln. Abweichungen führen zu Abweisung von Datenlieferungen.;;;
ErsteMesswerteUndBefunde;GCSMotorischBeinLinks1;Nein;;ErsteBefundeNeuro;D;E;Werteliste siehe Tabellenblatt Codes_DIVI;;Erste Werte: GCS-Stadium für Beste motorische Reaktion am linken Bein;Für MIND-Datensatz: Feld nicht übermitteln. Abweichungen führen zu Abweisung von Datenlieferungen.;;;
ErsteMesswerteUndBefunde;NeurologischeAuffaelligkeitenSonstige1;Nein;;ErsteBefundeNeuro;D;M;Text, Zeichenlimit 200;;Erste Werte: Text für sonstige neurologische Auffälligkeiten, die im strukturierten Bereich nicht erfasst werden können.;Für MIND-Datensatz: Feld nicht übermitteln. Abweichungen führen zu Abweisung von Datenlieferungen.;;;
ErsteMesswerteUndBefunde;ExtremitaetenbewegungArmRechts1;Nein;;ErsteBefundeNeuro;D;E;Werteliste siehe Tabellenblatt Codes_DIVI;;Erste Werte: Kraft der Extremitätenbewegung des rechten Armes;Für MIND-Datensatz: Feld nicht übermitteln. Abweichungen führen zu Abweisung von Datenlieferungen.;;;
ErsteMesswerteUndBefunde;ExtremitaetenbewegungArmLinks1;Nein;;ErsteBefundeNeuro;D;E;Werteliste siehe Tabellenblatt Codes_DIVI;;Erste Werte: Kraft der Extremitätenbewegung des linken Armes;Für MIND-Datensatz: Feld nicht übermitteln. Abweichungen führen zu Abweisung von Datenlieferungen.;;;
ErsteMesswerteUndBefunde;ExtremitaetenbewegungBeinRechts1;Nein;;ErsteBefundeNeuro;D;E;Werteliste siehe Tabellenblatt Codes_DIVI;;Erste Werte: Kraft der Extremitätenbewegung des rechten Beines;Für MIND-Datensatz: Feld nicht übermitteln. Abweichungen führen zu Abweisung von Datenlieferungen.;;;
ErsteMesswerteUndBefunde;ExtremitaetenbewegungBeinLinks1;Nein;;ErsteBefundeNeuro;D;E;Werteliste siehe Tabellenblatt Codes_DIVI;;Erste Werte: Kraft der Extremitätenbewegung des linken Beines;Für MIND-Datensatz: Feld nicht übermitteln. Abweichungen führen zu Abweisung von Datenlieferungen.;;;
ErsteMesswerteUndBefunde;PupillenweiteRechts1;Nein;;ErsteBefundeNeuro;D;E;Werteliste siehe Tabellenblatt Codes_DIVI;;Erste Werte: Beurteilung der Pupillenweite rechts;Für MIND-Datensatz: Feld nicht übermitteln. Abweichungen führen zu Abweisung von Datenlieferungen.;;;
ErsteMesswerteUndBefunde;PupillenweiteLinks1;Nein;;ErsteBefundeNeuro;D;E;Werteliste siehe Tabellenblatt Codes_DIVI;;Erste Werte: Beurteilung der Pupillenweite links;Für MIND-Datensatz: Feld nicht übermitteln. Abweichungen führen zu Abweisung von Datenlieferungen.;;;
ErsteMesswerteUndBefunde;LichtreaktionRechts1;Nein;;ErsteBefundeNeuro;D;E;Werteliste siehe Tabellenblatt Codes_DIVI;;Erste Werte: Beurteilung der Pupillenreaktion rechts;Für MIND-Datensatz: Feld nicht übermitteln. Abweichungen führen zu Abweisung von Datenlieferungen.;;;
ErsteMesswerteUndBefunde;LichtreaktionLinks1;Nein;;ErsteBefundeNeuro;D;E;Werteliste siehe Tabellenblatt Codes_DIVI;;Erste Werte: Beurteilung der Pupillenreaktion links;Für MIND-Datensatz: Feld nicht übermitteln. Abweichungen führen zu Abweisung von Datenlieferungen.;;;
ErsteMesswerteUndBefunde;DiastolischerBlutdruck1;Nein;;ErsteMesswerte;D;E;"Zahl
Werteliste siehe Tabellenblatt Codes_DIVI";;Erste Werte: Diastolischer Blutdruck;Für MIND-Datensatz: Feld nicht übermitteln. Abweichungen führen zu Abweisung von Datenlieferungen.;;;
ErsteMesswerteUndBefunde;SauerstoffsaettigungRaumluft1;Nein;;ErsteMesswerte;D;E;Werteliste siehe Tabellenblatt Codes_DIVI;;Erste Werte: Ja = Sauerstoffsättigung bei Raumluft gemessen, Nein = Sauerstoffsättigung unter O2-Gabe gemessen, leer = Wertung wie bei Raumluft-Messung;Für MIND-Datensatz: Feld nicht übermitteln. Abweichungen führen zu Abweisung von Datenlieferungen.;;;
ErsteMesswerteUndBefunde;HerzfrequenzRhythmisch1;Nein;;ErsteMesswerte;D;E;Werteliste siehe Tabellenblatt Codes_DIVI;;Erste Werte: Ja = Herzaktion rhythmisch, Nein = Herzaktion arrhythmisch, leer = unbekannt;Für MIND-Datensatz: Feld nicht übermitteln. Abweichungen führen zu Abweisung von Datenlieferungen.;;;
ErsteMesswerteUndBefunde;qSOFA;Nein;;ErsteMesswerte;D;E;Werteliste siehe Tabellenblatt Codes_DIVI;;Wert des qSOFA bei Beginn des Einsatzes;Für MIND-Datensatz: Feld nicht übermitteln. Abweichungen führen zu Abweisung von Datenlieferungen.;;;
ErsteMesswerteUndBefunde;NEWS2Score;Nein;;ErsteMesswerte;D;E;Werteliste siehe Tabellenblatt Codes_DIVI;;NEWS2 Score-Wert für Sepsisverdacht zu Beginn des Einsatzes;Für MIND-Datensatz: Feld nicht übermitteln. Abweichungen führen zu Abweisung von Datenlieferungen.;;;
Kapitel: ErstbefundeVerlegung;Kapitel: ErstbefundeVerlegung;;;;;;;;"Pflicht für NA-Protokolle, wenn eine Verlegung mit physisch anwesendem NA oder ein Intensivtransport stattfindet.
(Für RD-Protokolle ist dieses Kapitel nie Pflicht.)";"Die Abhängigkeiten des gesamten Kapitels betreffen nur das Bundesland Baden-Württemberg
Pflicht wenn:
Protokolltyp GLEICH  NA
UND EinsatzArt GLEICH ( 05 ODER  07 ODER 09)";;;
ErstbefundeVerlegung;VBeatmung;Ja;;;M;E;"Beatmung (außer Heimbeatmung)
Werteliste siehe Tabellenblatt Codes";NA;;"Wenn Kapitel ""ErstbefundeVerlegung"" Pflicht, dann ist -2 unzulässig.";-2;;
ErstbefundeVerlegung;VBeatmungDetail;siehe Hinweise/ Plausibilitäten/ Abhängigkeiten;;;M;E;"differenzierte Beatmung
Werteliste siehe Tabellenblatt Codes";NA;"Differenzierte Beatmung bedeutet FiO2 > 0,4.
Pflicht, wenn im Kapitel ""Erstbefunde Verlegung"" eine Beatmung dokumentiert wurde.";"Pflicht wenn:
VBeatmung GLEICH  01
Wenn VBeatmung GLEICH  01, dann ist -2 unzulässig.";-2;;
ErstbefundeVerlegung;KatecholaminPflicht;Ja;;;M;E;"Katecholaminpflichtigkeit
Werteliste siehe Tabellenblatt Codes";NA;;"Wenn Kapitel ""ErstbefundeVerlegung"" Pflicht, dann ist -2 unzulässig.";-2;;
ErstbefundeVerlegung;KatecholaminTherapie;"siehe Hinweise/
Plausibilitäten/ Abhängigkeiten";;;M;E;"differenzierte Katecholamin-Therapie
Werteliste siehe Tabellenblatt Codes";NA;"Differenzierte Katecholamin-Therapie bedeutet mehr als ein Katecholamin.
Pflicht, wenn im Kapitel ""Erstbefunde Verlegung"" eine Katecholaminpflichtigkeit dokumentiert wurde.";"Pflicht wenn:
KatecholaminPflicht GLEICH  01
Wenn KatecholaminPflicht GLEICH  01, dann ist -2 unzulässig.";-2;;
ErstbefundeVerlegung;FortlaufendSedierung;Ja;;;M;E;"fortlaufende Sedierung/Narkose
Werteliste siehe Tabellenblatt Codes";NA;;"Wenn Kapitel ""ErstbefundeVerlegung"" Pflicht, dann ist -2 unzulässig.";-2;;
ErstbefundeVerlegung;VigilanzMinderung;Ja;;;M;E;"deutliche Vigilanzminderung mit Einschränkung von Schutzreflexen
Werteliste siehe Tabellenblatt Codes";NA;Deutliche Vigilanzminderung mit Einschränkung von Schutzreflexen gilt bei GCS < 9.;"Wenn Kapitel ""ErstbefundeVerlegung"" Pflicht, dann ist -2 unzulässig.";-2;;
ErstbefundeVerlegung;InvasivBlutdruck;Ja;;;M;E;"invasive Blutdruckmessung
Werteliste siehe Tabellenblatt Codes";NA;;"Wenn Kapitel ""ErstbefundeVerlegung"" Pflicht, dann ist -2 unzulässig.";-2;;
ErstbefundeVerlegung;SpezDevices;Ja;;;M;M;"spezielle Devices
Werteliste siehe Tabellenblatt Codes";NA;"Siehe Exporthinweise zu Option ""Sonstige"".";"Wenn Kapitel ""ErstbefundeVerlegung"" Pflicht, dann ist -2 unzulässig.
Kombinationen mit -1 sind unzulässig.";-2;T;Terminologie: mind-spezielle-devices-cs / MindSpezielleDevicesVS. Noch kein Profil (BW-bezogen).
ErstbefundeVerlegung;AnzahlPerfusor;Ja;;;M;E;"Anzahl der Perfusoren
Einstellige numerische Angabe (0 bis 9)";NA;;"Wenn Kapitel ""ErstbefundeVerlegung"" Pflicht, dann ist -2 unzulässig.";-2;;
Kapitel: EinschaetzungVerlegungsarzt;Kapitel: EinschaetzungVerlegungsarzt;;;;;;;;"Pflicht für NA-Protokolle, wenn laut Feld EinsatzArt eine Verlegung mit physisch anwesendem NA oder ein
Intensivtransport stattfindet.
(Für RD-Protokolle ist dieses Kapitel nie Pflicht.)";"Die Abhängigkeiten des gesamten Kapitels betreffen nur das Bundesland Baden-Württemberg
Pflicht wenn:
Protokolltyp GLEICH  NA
UND EinsatzArt GLEICH ( 05 ODER  07 ODER 09)";;;
EinschaetzungVerlegungsarzt;IndikationArztbegleitung;Ja;;;M;E;"Indikation Arztbegleitung gegeben
Werteliste siehe Tabellenblatt Codes";NA;;"Wenn Kapitel ""EinschaetzungVerlegungsarzt"" Pflicht, dann ist -2 unzulässig.";-2;;
EinschaetzungVerlegungsarzt;ZDringlichkeit;Ja;;;M;E;"Einschätzung der zeitlichen Dringlichkeit durch Transportarzt
Werteliste siehe Tabellenblatt Codes";NA;;"Wenn Kapitel ""EinschaetzungVerlegungsarzt"" Pflicht, dann ist -2 unzulässig.";-2;T;Terminologie: mind-zeitliche-dringlichkeit-cs / MindZeitlicheDringlichkeitVS. Noch kein Profil.
EinschaetzungVerlegungsarzt;IndikationIT;Ja;;;M;M;"Indikation Intensivtransport
Werteliste siehe Tabellenblatt Codes";NA;"Siehe Exporthinweise zu Option ""Sonstige"".
Die Antwort NEIN ist implausibel, wenn im Kapitel ""ErstbefundeVerlegung"" sowohl eine Beatmung als auch eine Katecholaminpflichtigkeit dokumentiert sind.";"Wenn VBeatmung GLEICH  01 UND  KatecholaminPflicht GLEICH  01, dann ist Code 00 unzulässig.
Wenn Kapitel ""EinschaetzungVerlegungsarzt"" Pflicht, dann ist -2 unzulässig. Kombinationen mit 00 sind unzulässig.";-2;T;Terminologie: mind-indikation-intensivtransport-cs / MindIndikationIntensivtransportVS. Noch kein Profil.
Kapitel: Diagnosen;Kapitel: Diagnosen;;;;;;;;"Pflicht für NA-Protokolle, wenn ein Patientenkontakt stattgefunden hat - außer wenn es sich um eine primäre
Todesfeststellung (ohne CPR), eine Hilfeleistung oder eine Unterstützung eines anderen Rettungsmittels handelt.
Pflicht für RD Protokolle, wenn ein Patientenkontakt stattgefunden hat - außer wenn es sich um einen Krankentransport, eine primäre Todesfeststellung (ohne CPR), eine Hilfeleistung oder eine Unterstützung eines anderen Rettungsmittels handelt oder ein physisch anwesender NA primär mitalarmiert oder nachgefordert wurde.
Hinweis für BW: Wenn eine Diagnose, für die ein Indikator zur Eignung der Zielklinik oder zur leitliniengerechten Versorgung dieser Diagnose existiert, im Diagnosen-Feld dokumentiert ist, wird auch eine entsprechend geeignete Zielklinik und leitliniengerechte Versorgung erwartet. Eher unwahrscheinliche Differentialdiagnosen sollen im Freitext dokumentiert werden.";"Pflicht wenn:
Protokolltyp GLEICH  NA
UND  RDTransport GLEICH  (01 ODER  03 ODER  04 ODER  05
ODER 06 ODER  07 ODER  08
ODER 09 ODER  98)
UND  KeinTranspMitPat NICHT  (02 ODER  05 ODER 08)
ODER
Protokolltyp GLEICH  RD
UND RDTransport GLEICH  (01 ODER  03 ODER  04 ODER 05
ODER  06 ODER  07 ODER 08
ODER 09 ODER  98)
UND KeinTranspMitPat NICHT (02 ODER  05 ODER  08)
UND NotarztNachgefordert GLEICH  02
UND EinsatzArt GLEICH  (02 ODER  04 ODER  06 ODER  08)";;;
Diagnosen;Diagnose;Ja;Diagnose;Erkrankungen;DM;M;"Verdachtsdiagnose(n)
Werteliste siehe Tabellenblatt Codes";NA + RD;"Hier sollen nur einsatzrelevante Diagnosen und keine Vorerkrankungen dokumentiert werden.
• (Verdachts-)Diagnose der Notärztin/des Notarztes bzw. der Notfallsanitäterin/des Notfallsanitäters
• Verstorbene Patienten können mit 1220 = Herz-Kreislauf-Stillstand oder 1813 = SIDS codiert werden.
• Bei einer Anaphylaxie Grad 4 soll zusätzlich die Diagnose 1220 = Herz-Kreislauf-Stillstand dokumentiert werden.
• Bei tödlichen Verletzungen soll zusätzlich die Diagnose 1220 = Herz-Kreislauf-Stillstand dokumentiert werden.
• Bitte die Differenzierung zwischen hypertensivem Notfall (mit Organschäden und Lebensgefahr, z.B. AP- Beschwerden, Lungenödem, neurologische Symptome) und hypertensiver Entgleisung (ohne Organschäden/Lebensgefahr) beachten!";"Wenn Kapitel ""Diagnosen"" Pflicht, dann ist -2 unzulässig.";-2;T;Terminologie vollständig: mind-diagnose-cs (inkl. Trauma 1100-9999, 1x98 'sonstige Erkrankung') / MindDiagnoseVS. Verwendendes Profil offen.
Diagnosen;DiagnoseSonstige_ZNS;Nein;;Erkrankungen;D;M;Text, Zeichenlimit 200;;"Raum zur Erfassung einer im strukturierten Diagnosenbereich nicht wählbaren Diagnose aus dem Bereich ZNS-
Erkrankungen";Für MIND-Datensatz: Feld nicht übermitteln. Abweichungen führen zu Abweisung von Datenlieferungen.;;;
Diagnosen;DiagnoseSonstige_HerzKreislauf;Nein;;Erkrankungen;D;M;Text, Zeichenlimit 200;;Raum zur Erfassung einer im strukturierten Diagnosenbereich nicht wählbaren Diagnose aus dem Bereich Herz/Kreislauf-Erkrankungen;Für MIND-Datensatz: Feld nicht übermitteln. Abweichungen führen zu Abweisung von Datenlieferungen.;;;
Diagnosen;DiagnoseSonstige_Atmung;Nein;;Erkrankungen;D;M;Text, Zeichenlimit 200;;"Raum zur Erfassung einer im strukturierten Diagnosenbereich nicht wählbaren Diagnose aus dem Bereich
Erkrankungen der Atmungsorgane";Für MIND-Datensatz: Feld nicht übermitteln. Abweichungen führen zu Abweisung von Datenlieferungen.;;;
Diagnosen;DiagnoseSonstige_Abdomen;Nein;;Erkrankungen;D;M;Text, Zeichenlimit 200;;"Raum zur Erfassung einer im strukturierten Diagnosenbereich nicht wählbaren Diagnose aus dem Bereich abdominelle
Erkrankungen";Für MIND-Datensatz: Feld nicht übermitteln. Abweichungen führen zu Abweisung von Datenlieferungen.;;;
Diagnosen;DiagnoseSonstige_Psychiatrie;Nein;;Erkrankungen;D;M;Text, Zeichenlimit 200;;Raum zur Erfassung einer im strukturierten Diagnosenbereich nicht wählbaren Diagnose aus dem Bereich psychiatrische Erkrankungen;Für MIND-Datensatz: Feld nicht übermitteln. Abweichungen führen zu Abweisung von Datenlieferungen.;;;
Diagnosen;DiagnoseSonstige_Stoffwechsel;Nein;;Erkrankungen;D;M;Text, Zeichenlimit 200;;"Raum zur Erfassung einer im strukturierten Diagnosenbereich nicht wählbaren Diagnose aus dem Bereich Stoffwechsel-
Erkrankungen";Für MIND-Datensatz: Feld nicht übermitteln. Abweichungen führen zu Abweisung von Datenlieferungen.;;;
Diagnosen;DiagnoseSonstige_Paediatrie;Nein;;Erkrankungen;D;M;Text, Zeichenlimit 200;;Raum zur Erfassung einer im strukturierten Diagnosenbereich nicht wählbaren Diagnose aus dem Bereich pädiatrische Erkrankungen;Für MIND-Datensatz: Feld nicht übermitteln. Abweichungen führen zu Abweisung von Datenlieferungen.;;;
Diagnosen;DiagnoseSonstige_Gynaekologie;Nein;;Erkrankungen;D;M;Text, Zeichenlimit 200;;"Raum zur Erfassung einer im strukturierten Diagnosenbereich nicht wählbaren Diagnose aus dem Bereich
gynäkologische Erkrankungen";Für MIND-Datensatz: Feld nicht übermitteln. Abweichungen führen zu Abweisung von Datenlieferungen.;;;
Diagnosen;DiagnoseSonstige_Sonstige;Nein;;Erkrankungen;D;M;Text, Zeichenlimit 200;;Raum zur Erfassung einer im strukturierten Diagnosenbereich nicht wählbaren Diagnose aus dem Bereich sonstiger Erkrankungen;Für MIND-Datensatz: Feld nicht übermitteln. Abweichungen führen zu Abweisung von Datenlieferungen.;;;
Diagnosen;Heimbeatmung;Nein;;Erkrankungen;D;E;Werteliste siehe Tabellenblatt Codes_DIVI;;Ja = Heimbeatmung verfügbar bzw. genutzt, Nein = keine Heimbeatmung verfügbar bzw. genutzt, leer = unbekannt;Für MIND-Datensatz: Feld nicht übermitteln. Abweichungen führen zu Abweisung von Datenlieferungen.;;;
Diagnosen;Heimsauerstoff;Nein;;Erkrankungen;D;E;Werteliste siehe Tabellenblatt Codes_DIVI;;Ja = Heimsauerstoff verfügbar bzw. genutzt, Nein = kein Heimsauerstoff verfügbar bzw. genutzt, leer = unbekannt;Für MIND-Datensatz: Feld nicht übermitteln. Abweichungen führen zu Abweisung von Datenlieferungen.;;;
Diagnosen;Erstdiagnosen;Nein;;Erstdiagnosen;D;E;Text, Zeichenlimit 500;;Raum für frei formulierbare Diagnosen und Symptome;Für MIND-Datensatz: Feld nicht übermitteln. Abweichungen führen zu Abweisung von Datenlieferungen.;;;
Kapitel: VerletzungenDetails;Kapitel: VerletzungenDetails;;;;;;;;Pflicht für NA- und RD-Protokolle, wenn mindestens eine Verletzung aus Diagnosecodeliste mit führender 2 vorhanden.;"Pflicht wenn:
Mindestens ein Diagnose-Code GLEICH  2nnn";;;
VerletzungenDetails;Verletzungsmuster;Ja;VerletzungenDetails;Verletzungen;DM;E;"Verletzungsmuster
Werteliste siehe Tabellenblatt Codes";NA + RD;"Polytrauma: Gleichzeitig entstandene Verletzungen mehrerer Körperregionen oder Organsysteme, wobei wenigstens
eine Verletzung oder die Kombination mehrerer lebensbedrohlich ist.";"Wenn Kapitel ""VerletzungenDetails"" Pflicht, dann ist -2 unzulässig.";-2;T;Terminologie: mind-verletzungsmuster-cs / MindVerletzungsmusterVS. Noch kein Profil.
VerletzungenDetails;Unfallursache;Ja;VerletzungenDetails;Verletzungen;DM;E;"Unfallursache
Werteliste siehe Tabellenblatt Codes";NA + RD;;"Wenn Kapitel ""VerletzungenDetails"" Pflicht, dann ist -2 unzulässig.";-2;T;Terminologie: mind-unfallursache-cs / MindUnfallursacheVS. Noch kein Profil.
VerletzungenDetails;Unfallmechanismus;Ja;VerletzungenDetails;Verletzungen;DM;M;"Unfallmechanismus
Werteliste siehe Tabellenblatt Codes";NA + RD;;"Wenn Kapitel ""VerletzungenDetails"" Pflicht, dann ist -2 unzulässig.
Kombinationen mit 99 sind unzulässig.";-2;T;Terminologie: mind-unfallmechanismus-cs / MindUnfallmechanismusVS. Noch kein Profil.
VerletzungenDetails;Unfallhergang;Ja;VerletzungenDetails;Verletzungen;DM;M;"Unfallhergang
Werteliste siehe Tabellenblatt Codes";NA + RD;;"Wenn Kapitel ""VerletzungenDetails"" Pflicht, dann ist -2 unzulässig.
Kombinationen mit 99 sind unzulässig.";-2;T;Terminologie: mind-unfallhergang-cs / MindUnfallhergangVS. Noch kein Profil.
VerletzungenDetails;HelmPat;Nein;VerletzungenDetails;Verletzungen;DM;E;"Helm Patient
Werteliste siehe Tabellenblatt Codes";NA + RD;Hat der/die Verunfallte zum Zeitpunkt des Unfalls einen Helm getragen?;;-2;;
VerletzungenDetails;Penetrierend;Nein;;Verletzungen;D;M;Werteliste siehe Tabellenblatt Codes_DIVI;;Werteliste, ob und ggf. wo penetrierende Verletzungen vorliegen;Für MIND-Datensatz: Feld nicht übermitteln. Abweichungen führen zu Abweisung von Datenlieferungen.;;;
VerletzungenDetails;Instabil;Nein;;Verletzungen;D;M;Werteliste siehe Tabellenblatt Codes_DIVI;;Werteliste, ob und ggf. wo instabile Verletzungen vorliegen;Für MIND-Datensatz: Feld nicht übermitteln. Abweichungen führen zu Abweisung von Datenlieferungen.;;;
VerletzungenDetails;SensomotorDefizit;Nein;;Verletzungen;D;M;Werteliste siehe Tabellenblatt Codes_DIVI;;Werteliste, ob und ggf. wo sensomotorische Defizite vorliegen;Für MIND-Datensatz: Feld nicht übermitteln. Abweichungen führen zu Abweisung von Datenlieferungen.;;;
VerletzungenDetails;Amputation;Nein;;Verletzungen;D;M;Werteliste siehe Tabellenblatt Codes_DIVI;;Werteliste, ob und ggf. wo Amputationsverletzungen vorliegen;Für MIND-Datensatz: Feld nicht übermitteln. Abweichungen führen zu Abweisung von Datenlieferungen.;;;
VerletzungenDetails;Unfallhergang2;Nein;;Verletzungen;D;E;Werteliste siehe Tabellenblatt Codes_DIVI;;Werteliste zum Unfallhergang;Für MIND-Datensatz: Feld nicht übermitteln. Abweichungen führen zu Abweisung von Datenlieferungen.;;;
VerletzungenDetails;VerletzungenSonstige;Nein;;Verletzungen;D;E;Text, Zeichenlimit 200;;"Raum zur Erfassung einer bei den strukturierten Verletzungen nicht wählbaren ""sonstigen"" Verletzung";Für MIND-Datensatz: Feld nicht übermitteln. Abweichungen führen zu Abweisung von Datenlieferungen.;;;
VerletzungenDetails;GewaltSonstige;Nein;;Verletzungen;D;E;Text, Zeichenlimit 200;;"Raum zur Erfassung einer bei den strukturierten Verletzungen nicht wählbaren ""sonstigen"" Gewalteinwirkung";Für MIND-Datensatz: Feld nicht übermitteln. Abweichungen führen zu Abweisung von Datenlieferungen.;;;
Kapitel: Scores;Kapitel: Scores;;;;;;;;"Pflicht für NA-Protokolle, wenn ein Patientenkontakt stattgefunden hat, außer wenn es sich um eine Hilfeleistung oder
eine Unterstützung eines anderen Rettungsmittels handelt..
Pflicht für RD-Protokolle, wenn ein Patientenkontakt stattgefunden hat, außer wenn es sich um einen Krankentransport, eine Hilfeleistung, eine Unterstützung eines anderen Rettungsmittels oder um eine Verlegung mit physisch    anwesendem Notarzt handelt.";"Pflicht wenn:
Protokolltyp GLEICH  NA
UND RDTransport GLEICH  (01 ODER  03 ODER  04 ODER 05
ODER 06 ODER  07 ODER  08
ODER 09 ODER  98)
UND KeinTranspMitPat NICHT  (05 ODER  08)
ODER
Protokolltyp GLEICH  RD
UND RDTransport GLEICH  (01 ODER 03 ODER  04 ODER 05
ODER 06 ODER  07 ODER  08
ODER 09 ODER  98)
UND KeinTranspMitPat NICHT  (05 ODER 08)
UND EinsatzArt NICHT  (05 ODER  07 ODER  10)";;;
Scores;NACAScore;Ja;Scores;Erstdiagnosen;DM;E;Werteliste siehe Tabellenblatt Codes;NA + RD;"Subjektive Einschätzung der Schwere der Erkrankung oder Verletzung durch das rettungsdienstliche Personal. Es gilt
die jeweils schlimmste Ausprägung im Einsatzverlauf.";"Wenn Kapitel ""Scores"" Pflicht, dann ist -2 unzulässig.";-2;T;Terminologie: mind-naca-score-cs / MindNacaScoreVS. Noch kein Profil.
Scores;MNACAScore;Nein;Scores;;M;E;"M-NACAScore
Werteliste siehe Tabellenblatt Codes";NA + RD;"Objektivierung des NACA Scores.
Soll aus dokumentierten Feldern berechnet werden!";;-2;T;Terminologie: mind-mnaca-score-cs / MindMnacaScoreVS. Noch kein Profil.
Kapitel: RDMassnahmen;Kapitel: RDMassnahmen;;;;;;;;"Pflicht für NA-Protokolle, wenn ein Patientenkontakt stattgefunden hat - außer wenn es sich um eine primäre
Todesfeststellung (ohne CPR), eine Hilfeleistung oder eine Unterstützung eines anderen Rettungsmittels handelt.
Pflicht für RD Protokolle, wenn ein Patientenkontakt stattgefunden hat - außer wenn es sich um einen Krankentransport, eine primäre Todesfeststellung (ohne CPR), eine Hilfeleistung oder eine Unterstützung eines anderen Rettungsmittels handelt oder ein physisch anwesender NA primär mitalarmiert oder nachgefordert wurde.";"Pflicht wenn:
Protokolltyp GLEICH  NA
UND  RDTransport GLEICH  (01 ODER  03 ODER  04 ODER  05
ODER  06 ODER  07 ODER 08
ODER  09 ODER 98)
UND  KeinTranspMitPat NICHT  (02 ODER  05 ODER 08)
ODER
Protokolltyp GLEICH  RD
UND RDTransport GLEICH  (01 ODER  03 ODER  04 ODER 05
ODER  06 ODER  07 ODER 08
ODER 09 ODER  98)
UND KeinTranspMitPat NICHT (02 ODER  05 ODER  08)
UND NotarztNachgefordert GLEICH  02
UND EinsatzArt GLEICH  (02 ODER  04 ODER  06 ODER  08)";;;
RDMassnahmen;Airway;Ja;RDMassnahmen;Massnahmen;DM;M;"Airway Maßnahmen
Werteliste siehe Tabellenblatt Codes";NA + RD;"bei vorbestehendem Tracheostoma ohne eigene Maßnahmen soll ""keine Maßnahmen durchgeführt"" codiert werden";"Wenn Kapitel ""RDMassnahmen"" Pflicht, dann ist -2 unzulässig.
Kombinationen mit -1 sind unzulässig.";-2;T;Terminologie: mind-airway-massnahme-cs / MindAirwayMassnahmeVS. Noch kein Profil.
RDMassnahmen;Atemunterst;Ja;RDMassnahmen;Massnahmen;DM;M;"Atemunterstützung - Beatmung
Werteliste siehe Tabellenblatt Codes";NA + RD;;"Wenn Kapitel ""RDMassnahmen"" Pflicht, dann ist -2 unzulässig.
Kombinationen mit -1 sind unzulässig.";-2;T;Terminologie: mind-atemunterstuetzung-cs / MindAtemunterstuetzungVS. Noch kein Profil.
RDMassnahmen;CirculationZugang;Ja;RDMassnahmen;Massnahmen;DM;M;"Medikamentenzugang
Werteliste siehe Tabellenblatt Codes";NA + RD;;"Wenn Kapitel ""RDMassnahmen"" Pflicht, dann ist -2 unzulässig.
Kombinationen mit -1 sind unzulässig.";-2;T;Terminologie: mind-circulation-zugang-cs / MindCirculationZugangVS. Noch kein Profil.
RDMassnahmen;SpezMassn;Ja;RDMassnahmen;Massnahmen;DM;M;"Spezielle Maßnahmen
Werteliste siehe Tabellenblatt Codes";NA + RD;;"Wenn Kapitel ""RDMassnahmen"" Pflicht, dann ist -2 unzulässig.
Kombinationen mit -1 sind unzulässig.";-2;T;Terminologie: mind-spezielle-massnahme-cs / MindSpezielleMassnahmeVS. Noch kein Profil.
RDMassnahmen;EKG12Kanal;"siehe Hinweise/
Plausibilitäten/ Abhängigkeiten";RDMassnahmen;ErsteMesswerte;DM;M;"Dokumentation eines 12-Kanal-EKGs
Werteliste siehe Tabellenblatt Codes";NA + RD;Pflicht bei dokumentiertem ACS, STEMI oder Thoraxschmerz unklarer Genese;"Pflicht wenn:
Diagnose ENTHÄLT  (1201 ODER  1202 ODER 1203 ODER 1 204)
Wenn EKG12Kanal Pflicht, dann ist -2 unzulässig. Kombinationen mit -1 sind unzulässig.";-2;T;Terminologie: mind-ekg-12-kanal-cs / MindEkg12KanalVS. Noch kein Profil.
RDMassnahmen;Medizintechnik;Ja;RDMassnahmen;Massnahmen;DM;M;"Medizintechnik
Werteliste siehe Tabellenblatt Codes";NA + RD;;"Wenn Kapitel ""RDMassnahmen"" Pflicht, dann ist -2 unzulässig.
Kombinationen mit -1 sind unzulässig.";-2;T;Terminologie: mind-medizintechnik-cs / MindMedizintechnikVS. Noch kein Profil.
RDMassnahmen;LagTrans;Ja;RDMassnahmen;Massnahmen;DM;M;"Lagerungs- und Rettungstechnik
Werteliste siehe Tabellenblatt Codes";NA + RD;Mit HWS-Immobilisation ist nicht nur die Anlage einer Cervicalstütze gemeint, sondern auch andere Methoden der Immobilisation wie z.B. Headblocks.;"Wenn Kapitel ""RDMassnahmen"" Pflicht, dann ist -2 unzulässig.
Kombinationen mit -1 sind unzulässig.";-2;T;Terminologie: mind-lagerungs-rettungstechnik-cs / MindLagerungsRettungstechnikVS. Noch kein Profil.
RDMassnahmen;DurchfHeilkundlMassn;siehe Hinweise/ Plausibilitäten/ Abhängigkeiten;RDMassnahmen;Medikation;DM;M;Durchführung heilkundlicher Maßnahmen Werteliste siehe Tabellenblatt Codes;RD;Hiermit sind durchgeführte heilkundliche Maßnahmen durch Notfallsanitäter gemeint;"Pflicht wenn:
Protokolltyp GLEICH  RD
UND DokRM GLEICH  (02 ODER  15)
Wenn DurchfHeilkundlMassn Pflicht, dann ist -2 unzulässig. Kombinationen mit 03 sind unzulässig.";-2;T;Terminologie: mind-heilkundliche-massnahme-cs / MindHeilkundlicheMassnahmeVS. Noch kein Profil.
RDMassnahmen;Behandlungspfad;"siehe Hinweise/
Plausibilitäten/ Abhängigkeiten";RDMassnahmen;;M;M;Werteliste siehe Tabellenblatt Codes;RD;"Hier soll dokumentiert werden, welcher Behandlungspfad genutzt wurde (sinngleich Standardarbeitsanweisungen,
Algorithmen, Handlungsempfehlungen etc. nach örtlicher Vorgabe)";"Pflicht wenn:
Protokolltyp GLEICH  RD
UND DurchfHeilkundlMassn GLEICH  (01 ODER  02)
Wenn Behandlungspfad Pflicht, dann ist -2 unzulässig.";-2;;
RDMassnahmen;Airway2;Nein;;Massnahmen;D;M;Werteliste siehe Tabellenblatt Codes_DIVI;;Werteliste zu erweiterten Airway-Massnahmen (in Ergänzung zu Feld Airway);Für MIND-Datensatz: Feld nicht übermitteln. Abweichungen führen zu Abweisung von Datenlieferungen.;;;
RDMassnahmen;EndotrachealGroesse;Nein;;Massnahmen;D;E;Zahl, in mm, Format nn.n;;"Größe des Endotrachealtubus, falls dieser zur Anwendung kam (bei mehreren Intubationsversuchen wird der Tubus,
der zur Beatmung endotracheal verblieb, genommen)";Für MIND-Datensatz: Feld nicht übermitteln. Abweichungen führen zu Abweisung von Datenlieferungen.;;;
RDMassnahmen;SauerstoffgabeLiterMin;Nein;;Massnahmen;D;E;Zahl, in Liter, Format nn.n;;Applizierte Menge Sauerstoff in Litern/Minute, falls dieser zur Anwendung kam;Für MIND-Datensatz: Feld nicht übermitteln. Abweichungen führen zu Abweisung von Datenlieferungen.;;;
RDMassnahmen;IntubationVersuchAnzahl;Nein;;Massnahmen;D;E;Zahl, Format nn;;Anzahl Intubationsversuche, falls intubiert wurde;Für MIND-Datensatz: Feld nicht übermitteln. Abweichungen führen zu Abweisung von Datenlieferungen.;;;
RDMassnahmen;CirculationZugang2;Nein;;Massnahmen;D;M;Werteliste siehe Tabellenblatt Codes_DIVI;;Werteliste der bereits liegenden Zugänge;Für MIND-Datensatz: Feld nicht übermitteln. Abweichungen führen zu Abweisung von Datenlieferungen.;;;
RDMassnahmen;ZugangArt;Nein;;Massnahmen;D;M;Werteliste siehe Tabellenblatt Codes_DIVI;;Werteliste der vom Dokumentierenden bzw. in seiner Verantwortung gelegten Gefäß-Zugänge;"* gemeinsame Wertepaare
Für MIND-Datensatz: Feld nicht übermitteln. Abweichungen führen zu Abweisung von Datenlieferungen.";;;
RDMassnahmen;ZugangArtSonstige;Nein;;Massnahmen;D;M;Text, Zeichenlimit 50;;Name eines in der Werteliste nicht aufgeführten, vom Dokumentierenden bzw. in seiner Verantwortung gelegten Gefäß-Zuganges;"* gemeinsame Wertepaare
Für MIND-Datensatz: Feld nicht übermitteln. Abweichungen führen zu Abweisung von Datenlieferungen.";;;
RDMassnahmen;ZugangOrt;Nein;;Massnahmen;D;M;Werteliste siehe Tabellenblatt Codes_DIVI;;"Werteliste der Orte, an denen die vom Dokumentierenden bzw. in seiner Verantwortung gelegten Gefäß-Zugänge in
den Patienten eingebracht wurden";"* gemeinsame Wertepaare
Für MIND-Datensatz: Feld nicht übermitteln. Abweichungen führen zu Abweisung von Datenlieferungen.";;;
RDMassnahmen;ZugangOrtSonstige;Nein;;Massnahmen;D;M;Text, Zeichenlimit 50;;Name eines Ortes, der in der Liste der Gefäß-Zugangs-Lokalisation nicht aufgeführt wird, an dem vom Dokumentierenden bzw. in seiner Verantwortung ein Gefäß-Zugänge gelegt wurde;"* gemeinsame Wertepaare
Für MIND-Datensatz: Feld nicht übermitteln. Abweichungen führen zu Abweisung von Datenlieferungen.";;;
RDMassnahmen;ZugangSeite;Nein;;Massnahmen;D;M;Werteliste siehe Tabellenblatt Codes_DIVI;;"Körperseite an der der Zugang eingebracht wurde
bei unpaariger Zugangsoption (z.B. Kopf) wird 03 gewählt";"* gemeinsame Wertepaare
Für MIND-Datensatz: Feld nicht übermitteln. Abweichungen führen zu Abweisung von Datenlieferungen.";;;
RDMassnahmen;ZugangGroesse;Nein;;Massnahmen;D;M;Werteliste siehe Tabellenblatt Codes_DIVI;;Größe des dokumentierten Zuganges;"* gemeinsame Wertepaare
Für MIND-Datensatz: Feld nicht übermitteln. Abweichungen führen zu Abweisung von Datenlieferungen.";;;
RDMassnahmen;ZugangGroesseSonstige;Nein;;Massnahmen;D;M;Text, Zeichenlimit: 50, Einheit: G (Durchmesser);;Größe des dokumentierten Zuganges falls in der Liste ZugangGröße nicht aufgeführt;"* gemeinsame Wertepaare
Für MIND-Datensatz: Feld nicht übermitteln. Abweichungen führen zu Abweisung von Datenlieferungen.";;;
RDMassnahmen;ZugangAnzahl;Nein;;Massnahmen;D;M;Zahl, Format nn;;Anzahl vom Dokumentierenden gelegte Zugänge insgesamt;"* gemeinsame Wertepaare
Für MIND-Datensatz: Feld nicht übermitteln. Abweichungen führen zu Abweisung von Datenlieferungen.";;;
RDMassnahmen;ZugangErschwert;Nein;;Massnahmen;D;E;Werteliste siehe Tabellenblatt Codes_DIVI;;Werteliste zum erschwerten endotrachealzugang;Für MIND-Datensatz: Feld nicht übermitteln. Abweichungen führen zu Abweisung von Datenlieferungen.;;;
RDMassnahmen;Beatmung;Nein;;Massnahmen;D;E;Werteliste siehe Tabellenblatt Codes_DIVI;;Werteliste zur Art der Beatmung;Für MIND-Datensatz: Feld nicht übermitteln. Abweichungen führen zu Abweisung von Datenlieferungen.;;;
RDMassnahmen;BeatmungFiO2;Nein;;Massnahmen;D;E;Zahl;;maximale O2-Konzentration bei Beatmung während des Einsatzes;Für MIND-Datensatz: Feld nicht übermitteln. Abweichungen führen zu Abweisung von Datenlieferungen.;;;
RDMassnahmen;BeatmungAF;Nein;;Massnahmen;D;E;Zahl;;Maximale Atemfrequenz bei Beatmung (assistiert oder kontrolliert) während des Einsatzes;Für MIND-Datensatz: Feld nicht übermitteln. Abweichungen führen zu Abweisung von Datenlieferungen.;;;
RDMassnahmen;BeatmungAMV;Nein;;Massnahmen;D;E;Zahl, L/Min;;Maximales Atemminutenvolumen bei Beatmung während des Einsatzes;Für MIND-Datensatz: Feld nicht übermitteln. Abweichungen führen zu Abweisung von Datenlieferungen.;;;
RDMassnahmen;BeatmungPEEP;Nein;;Massnahmen;D;E;Zahl, mBar;;Maximaler PEEP bei Beatmung während des Einsatzes;Für MIND-Datensatz: Feld nicht übermitteln. Abweichungen führen zu Abweisung von Datenlieferungen.;;;
RDMassnahmen;BeatmungPmax;Nein;;Massnahmen;D;E;Zahl, mBar;;Maximaler Spitzendruck bei Beatmung während des Einsatzes;Für MIND-Datensatz: Feld nicht übermitteln. Abweichungen führen zu Abweisung von Datenlieferungen.;;;
RDMassnahmen;DefiArtGeraet;Nein;;Massnahmen;D;M;Werteliste siehe Tabellenblatt Codes_DIVI;;Werteliste für die Art der eingesetzten Defibrillatoren;Für MIND-Datensatz: Feld nicht übermitteln. Abweichungen führen zu Abweisung von Datenlieferungen.;;;
RDMassnahmen;DefiSchockZ1;Nein;;Massnahmen;D;E;Angabe von Datum und Uhrzeit;;Zeitpunkt der ersten Schockapplikation;Für MIND-Datensatz: Feld nicht übermitteln. Abweichungen führen zu Abweisung von Datenlieferungen.;;;
RDMassnahmen;DefiSchockAnzahl;Nein;;Massnahmen;D;E;Zahl, Format nn;;Anzahl der abgegebenen Schocks (Kardioversion plus Defibrillation);Für MIND-Datensatz: Feld nicht übermitteln. Abweichungen führen zu Abweisung von Datenlieferungen.;;;
RDMassnahmen;DefiSchockEnergie;Nein;;Massnahmen;D;E;"Zahl, Format nnn
Werteliste siehe Tabellenblatt Codes_DIVI";;Maximale Energie der abgegebenen Schocks;Für MIND-Datensatz: Feld nicht übermitteln. Abweichungen führen zu Abweisung von Datenlieferungen.;;;
RDMassnahmen;MassnahmenWeitere;Nein;;Massnahmen;D;M;Werteliste siehe Tabellenblatt Codes_DIVI;;Weitere durchgeführte Maßnahmen;Für MIND-Datensatz: Feld nicht übermitteln. Abweichungen führen zu Abweisung von Datenlieferungen.;;;
RDMassnahmen;MassnahmenLagerungSonstige;Nein;;Massnahmen;D;E;Text, Zeichenlimit 200;;Lagerungsmethoden bzw. eingesetzte Lagerungshilfsmitteln;Für MIND-Datensatz: Feld nicht übermitteln. Abweichungen führen zu Abweisung von Datenlieferungen.;;;
RDMassnahmen;MassnahmenSpritzenpumpenAnzahl;Nein;;Massnahmen;D;E;Zahl, Format nn;;Anzahl eingesetzter Spritzenpumpen;Für MIND-Datensatz: Feld nicht übermitteln. Abweichungen führen zu Abweisung von Datenlieferungen.;;;
RDMassnahmen;MassnahmenSonstige;Nein;;Massnahmen;D;E;Text, Zeichenlimit 200;;Weitere eingesetzte Massnahmen, die in den Wertelsiten und Feldern im Massnahmen-Kapitel nicht vorgesehen sind.;Für MIND-Datensatz: Feld nicht übermitteln. Abweichungen führen zu Abweisung von Datenlieferungen.;;;
RDMassnahmen;DurchfHeilkundlMassnText;Nein;;Medikation;D;E;Text, Zeichenlimit 200;;Medikation, die im Rahmen der Durchführung heilkundlicher Maßnahmen vom Rettungsdienst ohne Arzt gegeben wurde;Für MIND-Datensatz: Feld nicht übermitteln. Abweichungen führen zu Abweisung von Datenlieferungen.;;;
Kapitel: MedikamentoeseTherapie;Kapitel: MedikamentoeseTherapie;;;;;;;;"Pflicht für NA-Protokolle, wenn ein Patientenkontakt stattgefunden hat - außer wenn es sich um eine primäre
Todesfeststellung (ohne CPR), eine Hilfeleistung oder eine Unterstützung eines anderen Rettungsmittels handelt.
Pflicht für RD Protokolle, wenn ein Patientenkontakt stattgefunden hat - außer wenn es sich um einen Krankentransport, eine primäre Todesfeststellung (ohne CPR), eine Hilfeleistung oder eine Unterstützung eines anderen Rettungsmittels handelt oder ein physisch anwesender NA primär mitalarmiert oder nachgefordert wurde.";"Pflicht wenn:
Protokolltyp GLEICH  NA
UND  RDTransport GLEICH  (01 ODER  03 ODER  04 ODER  05
ODER 06 ODER  07 ODER  08
ODER 09 ODER  98)
UND  KeinTranspMitPat NICHT  (02 ODER  05 ODER 08)
ODER
Protokolltyp GLEICH  RD
UND RDTransport GLEICH  (01 ODER  03 ODER  04 ODER 05
ODER  06 ODER  07 ODER 08
ODER 09 ODER  98)
UND KeinTranspMitPat NICHT  (02 ODER  05 ODER  08)
UND NotarztNachgefordert GLEICH  02
UND  EinsatzArt GLEICH  (02 ODER  04 ODER  06 ODER  08)";;;
MedikamentoeseTherapie;Medikamentengabe;Ja;MedikamentoeseTherapie;Medikation;DM;M;"Medikamentencodes für Art des Medikaments und Applikationsweg
Werteliste siehe Tabellenblatt Codes";NA + RD;"Nur einsatzrelevante Medikamente dokumentieren.
Auch eine Vorbehandlung durch Andere soll dokumentiert werden, da diese für verschiedene Indikatoren relevant sein kann (für jede Medikamenten-Gruppe separat dokumentierbar).
Dauermedikation und Verabreichung durch Andere (Hausarzt, andere Rettungsmittel etc.): nn97xx";"Wenn Kapitel ""MedikamentoeseTherapie"" Pflicht, dann ist -2 unzulässig. Kombinationen mit 999999 sind unzulässig.";-2;T;Terminologie: mind-medikamentengabe-cs (alle Gruppen inkl. Applikationsart io/iv/sc, nn97xx) / MindMedikamentengabeVS. Noch kein Profil. Hinweis: Urapidil #1509io und Thrombolytika #2601-2603 per Spez-TODO.
MedikamentoeseTherapie;Infusionsgabe;Ja;MedikamentoeseTherapie;Medikation;DM;M;"Medikamentencodes für Art der Infusion und
Applikationsweg
Werteliste siehe Tabellenblatt Codes";NA + RD;"Nur einsatzrelevante Medikamente dokumentieren
Dauermedikation und Verabreichung durch Andere (Hausarzt, andere Rettungsmittel etc.): nn97xx";"Wenn Kapitel ""MedikamentoeseTherapie"" Pflicht, dann ist -2 unzulässig.
Kombinationen mit 999999 sind unzulässig.";-2;T;"Infusionsgabe über Kombinationscodes (z. B. 3001io) im mind-medikamentengabe-cs; MindInfusionsgabeVS definiert. Noch kein Profil."
MedikamentoeseTherapie;MedikamentengabeDosis;Nein;;Medikation;D;M;Text, Zeichenlimit 20;;Dosis der Medikamentengabe inklusive Einheit;Für MIND-Datensatz: Feld nicht übermitteln. Abweichungen führen zu Abweisung von Datenlieferungen.;;;
MedikamentoeseTherapie;InfusionsgabeMenge;Nein;;Medikation;D;M;Text, Zeichenlimit 20;;Menge der Infusionsgabe in ml;Für MIND-Datensatz: Feld nicht übermitteln. Abweichungen führen zu Abweisung von Datenlieferungen.;;;
MedikamentoeseTherapie;Lysetherapie;Nein;;Medikation;D;E;Werteliste siehe Tabellenblatt Codes_DIVI;;Werteliste;Für MIND-Datensatz: Feld nicht übermitteln. Abweichungen führen zu Abweisung von Datenlieferungen.;;;
MedikamentoeseTherapie;LysetherapieBeginn;Nein;;Medikation;D;E;Angabe von Datum und Uhrzeit;;Datum und Uhrzeit - wenn Lysetherapiebeginn nicht bekannt leer;Für MIND-Datensatz: Feld nicht übermitteln. Abweichungen führen zu Abweisung von Datenlieferungen.;;;
Kapitel: AbschlussBefundeBT;Kapitel: AbschlussBefundeBT;;;;;;Abschlussbefunde bei Transport;;"Pflicht für NA-Protokolle, wenn ein Patiententransport stattgefunden hat. Sofern der dokumentierende NA den Transport nicht begleitet, müssen die Befunde zum Zeitpunkt der Übergabe an das andere Rettungsmittel dokumentiert werden (d.h. für Feld OrtPatUeberg i.d.R. 15 = Einsatzstelle).
Pflicht für RD-Protokolle, wenn ein Patiententransport stattfindet und der Transport nicht durch einen physisch anwesenden Notarzt, sondern allenfalls durch einen Telenotarzt begleitet wird und es sich nicht um einen Krankentransport handelt.";"Pflicht wenn:
Protokolltyp GLEICH  NA
UND RDTransport GLEICH  (03 ODER  04 ODER  05 ODER  06
ODER 07 ODER  08 ODER  09 ODER 98)
ODER
Protokolltyp GLEICH  RD
UND RDTransport GLEICH  (03 ODER  04 ODER  05 ODER  06
ODER  07 ODER  08 ODER  09 ODER 98)
UND AerztlBegleit ENTHÄLT  (00 ODER 03)
UND AerztlBegleit ENTHÄLT NICHT  (01 ODER 02 ODER  04
ODER 05 ODER 98)
UND EinsatzArt NICHT  10";;;
AbschlussBefundeBT;Bewusstsein2;Ja;AbschlussBefundeBT;Uebergabe;DM;E;"Bewusstseinslage
Werteliste siehe Tabellenblatt Codes";NA + RD;;"Wenn Kapitel ""AbschlussbefundeBT"" Pflicht, dann ist -2 unzulässig.";-2;T;Terminologie: mind-bewusstseinslage-cs / MindBewusstseinslageVS. Noch kein Profil.
AbschlussBefundeBT;GlasgowComaScale2;Ja;AbschlussBefundeBT;Uebergabe;DM;E;"Glasgow Coma Scale
Werteliste siehe Tabellenblatt Codes";NA + RD;Bei Seitendifferenz bessere Seite.;"Wenn Kapitel ""AbschlussbefundeBT"" Pflicht, dann ist -2 unzulässig.";-2;;
AbschlussBefundeBT;NeurologischeAuffaelligkeiten2;Ja;AbschlussBefundeBT;Uebergabe;DM;M;"Neurologische Auffälligkeiten
Werteliste siehe Tabellenblatt";NA + RD;"• sNIHSS-EMS Items und BEFAST werden abgebildet.
• die Dokumentation von Schweregraden und der Körperseite ist im MIND nicht vorgesehen";"Wenn Kapitel ""AbschlussbefundeBT"" Pflicht, dann ist -2 unzulässig.
Kombinationen mit 00, -1 oder 99 sind unzulässig.";-2;T;Terminologie: mind-neurologische-auffaelligkeit-cs (Abschlussbefunde). Noch kein Profil.
AbschlussBefundeBT;SystolischerBlutdruck2;Ja;AbschlussBefundeBT;Uebergabe;DM;E;"Systolischer Blutdruck
Messwert in mmHg
Werteliste siehe Tabellenblatt Codes";NA + RD;Bedeutet RR-Messung durchgeführt, wenn Angabe im Wertebereich oder 999.;"Wenn Kapitel ""AbschlussbefundeBT"" Pflicht, dann ist -2 unzulässig.";-2;;
AbschlussBefundeBT;EKGBefund2;Ja;AbschlussBefundeBT;Uebergabe;DM;M;"EKG-Befund
Werteliste siehe Tabellenblatt Codes";NA + RD;"Sollten bei Erhebung der Abschlussbefunde mehrere Befunde zutreffen, ist eine Mehrfachauswahl möglich (hier sollen
keine Ausprägungen dokumentiert werden, die vorher im Verlauf des rettungsdienstlichen Einsatzes zutreffend waren und nicht mehr vorhanden sind!).
Für QS wird EKG als durchgeführt gewertet, wenn Angabe ungleich -1.";"Wenn Kapitel ""AbschlussbefundeBT"" Pflicht, dann ist -2 unzulässig
Kombinationen mit -1 oder 99 sind unzulässig.";-2;T;Terminologie: mind-ekg-befund-cs / MindEkgbefundVS. Noch kein Profil.
AbschlussBefundeBT;Herzfrequenz2;Ja;AbschlussBefundeBT;Uebergabe;DM;E;"Herzfrequenz
Messwert in /min
Werteliste siehe Tabellenblatt Codes";NA + RD;"Vom Monitor abgelesene Herzfrequenz pro Minute (ggf. palpatorisch oder pulsoximetrisch bestimmte Pulsfrequenz,
wenn kein EKG abgeleitet wurde).";"Wenn Kapitel ""AbschlussbefundeBT"" Pflicht, dann ist -2 unzulässig.
Wenn EKGBefund2 GLEICH  09, dann sind Werte GRÖSSER  0 unzulässig.";-2;;
AbschlussBefundeBT;Atemfrequenz2;Ja;AbschlussBefundeBT;Uebergabe;DM;E;"Atemfrequenz Messwert in /min
Werteliste siehe Tabellenblatt Codes";NA + RD;Ausgezählte oder vom Monitor abgelesene Atemfrequenz pro Minute.;"Wenn Kapitel ""AbschlussbefundeBT"" Pflicht, dann ist -2 unzulässig.  Wenn Atmung2 GLEICH  08, dann sind Werte GRÖSSER  0 unzulässig.";-2;;
AbschlussBefundeBT;Sauerstoffsaettigung2;Ja;AbschlussBefundeBT;Uebergabe;DM;E;"Sauerstoffsättigung Messwert in %
Werteliste siehe Tabellenblatt Codes";NA + RD;"Dieser Wert wird ggf. unter Sauerstofftherapie gemessen
Bedeutet Pulsoxymetrie durchgeführt, wenn Angabe im Wertebereich oder 999.";"Wenn Kapitel ""AbschlussbefundeBT"" Pflicht, dann ist -2 unzulässig.";-2;;
AbschlussBefundeBT;Schmerzempfinden2;Ja;AbschlussBefundeBT;Uebergabe;DM;E;"Schmerzempfinden nach Numerischer Rating Scala (NRS)
Werteliste siehe Tabellenblatt Codes";NA + RD;;"Wenn Kapitel ""AbschlussbefundeBT"" Pflicht, dann ist -2 unzulässig.";-2;;
AbschlussBefundeBT;Atmung2;Ja;AbschlussBefundeBT;Uebergabe;DM;M;"Klinische Befunde Atmung
Werteliste siehe Tabellenblatt Codes";NA + RD;"Sollten bei Erhebung der Abschlussbefunde mehrere Befunde zutreffen, ist eine Mehrfachauswahl möglich (hier sollen keine Ausprägungen dokumentiert werden, die vorher im Verlauf des rettungsdienstlichen Einsatzes zutreffend waren
und nicht mehr vorhanden sind!).";"Wenn Kapitel ""AbschlussbefundeBT"" Pflicht, dann ist -2 unzulässig.
Kombinationen mit -1, 00 oder 99 sind unzulässig.";-2;T;Terminologie: mind-atmung-cs / MindAtmungVS. Noch kein Profil.
AbschlussBefundeBT;Psyche2;Ja;AbschlussBefundeBT;Uebergabe;DM;M;"Psychischer Zustand
Werteliste siehe Tabellenblatt Codes";;"Sollten bei Erhebung der Abschlussbefunde mehrere Befunde zutreffen, ist eine Mehrfachauswahl möglich (hier sollen
keine Ausprägungen dokumentiert werden, die vorher im Verlauf des rettungsdienstlichen Einsatzes zutreffend waren und nicht mehr vorhanden sind!).";"Wenn Kapitel ""AbschlussbefundeBT"" Pflicht, dann ist -2 unzulässig.
Kombinationen mit -1, 00 oder 99 sind unzulässig.";-2;T;Terminologie: mind-psychischer-zustand-cs / MindPsychischerZustandVS. Noch kein Profil.
AbschlussBefundeBT;Pupillenweite2;Ja;AbschlussBefundeBT;Uebergabe;DM;E;"Pupillenweite
Werteliste siehe Tabellenblatt Codes";NA + RD;;"Wenn Kapitel ""AbschlussbefundeBT"" Pflicht, dann ist -2 unzulässig.";-2;T;Terminologie: mind-pupillenweite-cs / MindPupillenweiteVS. Noch kein Profil.
AbschlussBefundeBT;Lichtreaktion2;Ja;AbschlussBefundeBT;Uebergabe;DM;E;"Lichtreaktion
Werteliste siehe Tabellenblatt Codes";NA + RD;;"Wenn Kapitel ""AbschlussbefundeBT"" Pflicht, dann ist -2 unzulässig.";-2;T;Terminologie: mind-lichtreaktion-cs / MindLichtreaktionVS. Noch kein Profil.
AbschlussBefundeBT;SoSiTransport;"siehe Hinweise/
Plausibilitäten/ Abhängigkeiten";AbschlussBefundeBT;Einsatzverlauf;DM;E;"Sondersignal bei Transport:
Werteliste siehe Tabellenblatt Codes";NA + RD;"Sondersignalverwendung des transportierenden Rettungsmittels. Bei Patiententransport durch Hubschrauber: 01 = Ja
Pflicht für NA-Protokolle, wenn ein Patiententransport stattgefunden hat, der durch den dokumentierenden NA begleitet wurde.
Pflicht für RD-Protokolle, wenn ein Patiententransport stattfindet und der Transport nicht durch einen physisch anwesenden Notarzt, sondern allenfalls durch einen Telenotarzt begleitet wird und es sich nicht um einen Krankentransport handelt.";"Wenn Kapitel ""AbschlussbefundeBT"" Pflicht, dann ist -2 unzulässig.
Pflicht wenn:
Protokolltyp GLEICH  NA
UND DokRM GLEICH (01 ODER 04 ODER 07 ODER 13)
UND RDTransport GLEICH  (03 ODER  04 ODER  05 ODER  06
ODER  07 ODER  08 ODER 09 ODER  98)
UND AerztlBegleit GLEICH  01
ODER
Protokolltyp GLEICH  NA
UND DokRM GLEICH  (05 ODER 06)
UND  RDTransport GLEICH  (03 ODER  04 ODER  05 ODER  06
ODER  07 ODER  08 ODER 09 ODER  98)
UND  AerztlBegleit GLEICH  02
ODER
Protokolltyp GLEICH  RD
UND  RDTransport GLEICH  (03 ODER  04 ODER  05 ODER  06
ODER  07 ODER 08 ODER  09 ODER  98)
UND AerztlBegleit ENTHÄLT  (00 ODER 03)
UND AerztlBegleit ENTH ÄLT NICHT  (01 ODER  02 ODER  04
ODER 05 ODER  98)
UND  EinsatzArt NICHT  10";-2;;
AbschlussBefundeBT;OrtPatUeberg;Ja;AbschlussBefundeBT;Uebergabe;DM;E;Werteliste siehe Tabellenblatt Codes;NA + RD;"Der Ort, an dem der Patient primär übergeben wird. Sollten mehrere Auswahlmöglichkeiten zutreffen, ist die für die Weiterversorgung des jeweiligen Patienten spezifischste anzugeben. Sofern der dokumentierende NA den Transport nicht begleitet, ist i.d.R.
15 = Einsatzstelle zutreffend.";"Wenn Kapitel ""AbschlussbefundeBT"" Pflicht, dann ist -2 unzulässig.";-2;T;Terminologie: mind-ort-patientenuebergabe-cs / MindOrtPatientenuebergabeVS. Noch kein Profil.
AbschlussBefundeBT;ZeitWerte2;Nein;;Uebergabe;D;E;Angabe von Datum und Uhrzeit;;Zeit zu der begonnen wurde, die die abschließenden Werte des Kapitels AbschließendeMesswerteNeuro erfasst wurden;Für MIND-Datensatz: Feld nicht übermitteln. Abweichungen führen zu Abweisung von Datenlieferungen.;;;
AbschlussBefundeBT;NeurologieVerlauf;Nein;;Uebergabe;D;M;Werteliste siehe Tabellenblatt Codes_DIVI;;Abschließende Werte: Werteliste zum Neurologischen Verlauf;Für MIND-Datensatz: Feld nicht übermitteln. Abweichungen führen zu Abweisung von Datenlieferungen.;;T;Terminologie: mind-neurologische-auffaelligkeit-verlauf-cs / MindNeurologischeAuffaelligkeitVerlaufVS. Noch kein Profil.
AbschlussBefundeBT;GCSWert2;Nein;;Uebergabe;D;E;Zahl;;Abschließende Werte: GCS-Summe;Für MIND-Datensatz: Feld nicht übermitteln. Abweichungen führen zu Abweisung von Datenlieferungen.;;;
AbschlussBefundeBT;NeurologischeAuffaelligkeitenSonstige2;Nein;;Uebergabe;D;E;Text, Zeichenlimit 200;;Abschließende Werte: Text für sonstige neurologische Auffälligkeiten, die im strukturierten Bereich nicht erfasst werden können.;Für MIND-Datensatz: Feld nicht übermitteln. Abweichungen führen zu Abweisung von Datenlieferungen.;;;
AbschlussBefundeBT;ExtremitaetenbewegungArmRechts2;Nein;;Uebergabe;D;E;Werteliste siehe Tabellenblatt Codes_DIVI;;Abschließende Werte: GCS-Stadium für Beste motorische Reaktion am rechten Arm;Für MIND-Datensatz: Feld nicht übermitteln. Abweichungen führen zu Abweisung von Datenlieferungen.;;;
AbschlussBefundeBT;ExtremitaetenbewegungArmLinks2;Nein;;Uebergabe;D;E;Werteliste siehe Tabellenblatt Codes_DIVI;;Abschließende Werte: GCS-Stadium für Beste motorische Reaktion am linken Arm;Für MIND-Datensatz: Feld nicht übermitteln. Abweichungen führen zu Abweisung von Datenlieferungen.;;;
AbschlussBefundeBT;ExtremitaetenbewegungBeinRechts2;Nein;;Uebergabe;D;E;Werteliste siehe Tabellenblatt Codes_DIVI;;Abschließende Werte: GCS-Stadium für Beste motorische Reaktion am rechten Bein;Für MIND-Datensatz: Feld nicht übermitteln. Abweichungen führen zu Abweisung von Datenlieferungen.;;;
AbschlussBefundeBT;ExtremitaetenbewegungBeinLinks2;Nein;;Uebergabe;D;E;Werteliste siehe Tabellenblatt Codes_DIVI;;Abschließende Werte: GCS-Stadium für Beste motorische Reaktion am linken Bein;Für MIND-Datensatz: Feld nicht übermitteln. Abweichungen führen zu Abweisung von Datenlieferungen.;;;
AbschlussBefundeBT;PupillenweiteRechts2;Nein;;Uebergabe;D;E;Werteliste siehe Tabellenblatt Codes_DIVI;;Abschließende Werte: Beurteilung der Pupillenweite rechts;Für MIND-Datensatz: Feld nicht übermitteln. Abweichungen führen zu Abweisung von Datenlieferungen.;;;
AbschlussBefundeBT;PupillenweiteLinks2;Nein;;Uebergabe;D;E;Werteliste siehe Tabellenblatt Codes_DIVI;;Abschließende Werte: Beurteilung der Pupillenweite links;Für MIND-Datensatz: Feld nicht übermitteln. Abweichungen führen zu Abweisung von Datenlieferungen.;;;
AbschlussBefundeBT;LichtreaktionRechts2;Nein;;Uebergabe;D;E;Werteliste siehe Tabellenblatt Codes_DIVI;;Abschließende Werte: Beurteilung der Lichtreaktion rechts;Für MIND-Datensatz: Feld nicht übermitteln. Abweichungen führen zu Abweisung von Datenlieferungen.;;;
AbschlussBefundeBT;LichtreaktionLinks2;Nein;;Uebergabe;D;E;Werteliste siehe Tabellenblatt Codes_DIVI;;Abschließende Werte: Beurteilung der Lichtreaktion links;Für MIND-Datensatz: Feld nicht übermitteln. Abweichungen führen zu Abweisung von Datenlieferungen.;;;
AbschlussBefundeBT;DiastolischerBlutdruck2;Nein;;Uebergabe;D;E;"Zahl
Werteliste siehe Tabellenblatt Codes_DIVI";;Abschließende Werte: Diastolischer Blutdruck;Für MIND-Datensatz: Feld nicht übermitteln. Abweichungen führen zu Abweisung von Datenlieferungen.;;;
AbschlussBefundeBT;SauerstoffsaettigungRaumluft2;Nein;;Uebergabe;D;E;Werteliste siehe Tabellenblatt Codes_DIVI;;Abschließende Werte: wurde die Sättigung unter Raumluft gemessen?;Für MIND-Datensatz: Feld nicht übermitteln. Abweichungen führen zu Abweisung von Datenlieferungen.;;;
AbschlussBefundeBT;HerzfrequenzRhythmisch2;Nein;;Uebergabe;D;E;Werteliste siehe Tabellenblatt Codes_DIVI;;Abschließende Werte: waren die Herzraktionen rhythmisch?;Für MIND-Datensatz: Feld nicht übermitteln. Abweichungen führen zu Abweisung von Datenlieferungen.;;;
AbschlussBefundeBT;OrtPatUebergSonstige;Nein;;Bemerkungen;D;E;Text, Zeichenlimit 200;;Abschließende Werte: wo fand die Patientenübergabe statt?;Für MIND-Datensatz: Feld nicht übermitteln. Abweichungen führen zu Abweisung von Datenlieferungen.;;;
AbschlussBefundeBT;UebergVerzoegert;Nein;;Bemerkungen;D;E;Werteliste siehe Tabellenblatt Codes_DIVI;;Abschließende Werte: wurde die Patientenübergabe verzögert?;Für MIND-Datensatz: Feld nicht übermitteln. Abweichungen führen zu Abweisung von Datenlieferungen.;;;
AbschlussBefundeBT;UebergName;Nein;;Bemerkungen;D;E;Text, Zeichenlimit 75;;Abschließende Werte: Klarname der Person, an die die Patientin/der Patient übergeben wurde;Für MIND-Datensatz: Feld nicht übermitteln. Abweichungen führen zu Abweisung von Datenlieferungen.;;;
AbschlussBefundeBT;Bemerkungen;Nein;;Bemerkungen;D;E;Langtext, Zeichenlimit 2000;;Abschließende Werte: Bemerkungen;Für MIND-Datensatz: Feld nicht übermitteln. Abweichungen führen zu Abweisung von Datenlieferungen.;;;
Kapitel: AbschlussBefundeBTAV;Kapitel: AbschlussBefundeBTAV;;;;;;Abschlussbefunde bei Transport und ambulanter Versorgung;;"Pflicht für NA- und RD-Protokolle, wenn die Diagnose Hypoglykämie gestellt wurde oder wenn eine Atemwegssicherung
oder eine maschinelle invasive Beatmung (unterstützt oder kontrolliert)  stattgefunden hat";"Pflicht wenn:
Airway GLEICH (03 ODER 05 ODER  07)
ODER Atemunterst GLEICH  05
ODER
Diagnose ENTHÄLT  1601 (Hypoglykämie)";;;
AbschlussBefundeBTAV;Blutzuckerwert2;siehe Hinweise/ Plausibilitäten/ Abhängigkeiten;;;M;E;"Blutzucker
Messwert in mg/dl bzw. mmol/l Werteliste siehe Tabellenblatt Codes";NA + RD;Bedeutet Blutzuckermessung durchgeführt, wenn Angabe im Wertebereich, 997, 998 oder 999;"Triggerfeld für Dokumentationsumfang und Plausibilitätsprüfungen.
Bei Auswahl 0 bis 900 bzw. 0.0 bis 50.0 wird BlutzuckerEinheit zum Pflichtfeld Pflicht wenn:
Diagnose ENTHÄLT  1601
Wenn Blutzuckerwert2 Pflicht, dann ist -2 unzulässig.";-2;;
AbschlussBefundeBTAV;EtCO2Wert2;siehe Hinweise/ Plausibilitäten/ Abhängigkeiten;;;M;E;"etCO2  Wert (zuletzt unter Beatmung in mmHg gemessen):
Werteliste siehe Tabellenblatt Codes";NA + RD;"Bedeutet Kapnometrie durchgeführt, wenn Angabe im Wertebereich oder 999.
Pflicht wenn Atemwegssicherung oder maschinelle invasive Beatmung (unterstützt oder kontrolliert) dokumentiert.";"Pflicht wenn:
Airway GLEICH  (03 ODER 05 ODER  07)
ODER Atemunterst GLEICH  05
Wenn EtCO2Wert2 Pflicht, dann ist -2 unzulässig.";-2;;
Kapitel: Zielklinik;Kapitel: Zielklinik;;;;;;;;"Pflicht für NA-Protokolle, wenn es sich bei dem dokumentierenden Rettungsmittel um ein bodengebundenes
notarztbesetztes Rettungsmittel handelt, ein Patiententransport stattfindet und der Notarzt den Transport begleitet oder der RTW den Transport ohne ärztliche Begleitung durchführt.
Pflicht für NA-Protokolle, wenn es sich bei dem dokumentierenden Rettungsmittel um ein luftgebundenes notarztbesetztes Rettungsmittel handelt, ein Patiententransport stattfindet und der Notarzt den Transport begleitet oder der RTW den Transport ohne ärztliche Begleitung durchführt.
Pflicht für RD-Protokolle, wenn ein Patiententransport stattfindet und der Transport nicht durch einen physisch anwesenden Notarzt, sondern allenfalls durch einen Telenotarzt begleitet wird";"Pflicht wenn:
Protokolltyp GLEICH  NA
UND DokRM GLEICH  (01 ODER  04 ODER  07 ODER  13)
UND RDTransport GLEICH  (03 ODER  04 ODER  05 ODER  06
ODER 07 ODER  08 ODER  09 ODER 98)
UND AerztlBegleit ENTHÄLT ( 00 ODER 01)
ODER
Protokolltyp GLEICH  NA
UND DokRM GLEICH  (05 ODER  06)
UND RDTransport GLEICH  (03 ODER  04 ODER  05 ODER  06
ODER  07 ODER  08 ODER  09 ODER 98)
UND  AerztlBegleit ENTHÄLT ( 00 ODER 02)
ODER
Protokolltyp GLEICH  RD
UND  RDTransport GLEICH  (03 ODER  04 ODER  05 ODER  06
ODER  07 ODER 08 ODER  09 ODER 98)
UND  AerztlBegleit ENTHÄLT  (00 ODER 03)
UND AerztlBegleit ENTHÄLT NICHT  (01 ODER 02 ODER 04
ODER 05 ODER  98)";;;
Zielklinik;NummerZK;Ja;Zielklinik;;M;E;"Kennung der Zielklinik
Werteliste siehe Tabellenblatt Codes";NA + RD;"• Standortnummer nach §293 Absatz 6 SGB V aus dem bundesweiten Verzeichnis der Standorte der nach §
108 SGB V zugelassenen Krankenhäuser und ihrer Ambulanzen.
Falls nur die Standort-ID bekannt ist (= erste 6 Stellen der Standortnummer) ist diese nach der 6. Stelle   mit ""0"" (Null) auf 9 Stellen aufzufüllen: Standortnummer (9-stellig: 77nnnnnnn) oder Standort-ID (6-stellig: 77nnnn000) der Zielklinik.
• Einmalige Anlage aller regelhaft angefahrenen/angeflogenen Krankenhäuser der Akutversorgung in Stammdatenbank erforderlich.
• Für Einrichtungen ohne Standortnummer müssen auf örtlicher Ebene alternative Definitionen getroffen werden.";"Wenn Kapitel ""Zielklinik"" Pflicht, dann ist -2 unzulässig.";-2;;
Zielklinik;AnmeldungPatient;"siehe Hinweise/
Plausibilitäten/ Abhängigkeiten";Zielklinik;EinsatztechnischeDaten;DM;E;"Wurde der Patient in der Zielklinik angemeldet?
Muss bei Patiententransport angegeben werden, auch wenn die Anmeldung durch die Leitstelle erfolgt.
Werteliste siehe Tabellenblatt Codes";NA + RD;"• Patientenanmeldung durch Fahrzeugbesatzung oder Leitstellenpersonal.
• Mindestens einmal pro Patient erforderlich.
Pflicht für NA-Protokolle, wenn ein Patiententransport stattgefunden hat, der durch den dokumentierenden NA begleitet wurde.
Pflicht für RD-Protokolle, wenn ein Patiententransport stattfindet und der Transport nicht durch einen physisch anwesenden Notarzt, sondern allenfalls durch einen Telenotarzt begleitet wird und es sich nicht um einen Krankentransport handelt.";"Wenn Kapitel ""Zielklinik"" Pflicht, dann ist -2 unzulässig.
Pflicht wenn:
Protokolltyp GLEICH  NA
UND DokRM GLEICH  (01 ODER  04 ODER  07 ODER 13)
UND RDTransport GLEICH  (03 ODER  04 ODER  05 ODER 06
ODER  07 ODER  08 ODER 09 ODER  98)
UND AerztlBegleit GLEICH  01
ODER
Protokolltyp GLEICH  NA
UND  DokRM GLEICH  (05 ODER 06)
UND  RDTransport GLEICH  (03 ODER  04 ODER  05 ODER  06
ODER  07 ODER  08 ODER 09 ODER 98)
UND AerztlBegleit GLEICH  02
ODER
Protokolltyp GLEICH  RD
UND  RDTransport GLEICH  (03 ODER  04 ODER  05 ODER  06
ODER  07 ODER  08 ODER 09 ODER  98)
UND  AerztlBegleit ENTHÄLT  (00 ODER  03)
UND AerztlBegleit ENTHÄLT NICHT  (01 ODER  02 ODER 04
ODER  05 ODER  98)
UND  EinsatzArt NICHT  10";-2;;
Zielklinik;AnmeldungWo;Nein;;EinsatztechnischeDaten;D;E;Werteliste siehe Tabellenblatt Codes_DIVI;;Werteliste zur speziellen Ressource des Krankenhauses, die eine spezifische Voranmeldung erfordert;Für MIND-Datensatz: Feld nicht übermitteln. Abweichungen führen zu Abweisung von Datenlieferungen.;;;
Zielklinik;AnmeldungWoSonstige;Nein;;EinsatztechnischeDaten;D;E;Text, Zeichenlimit 200;;"Speziellen Ressource des Krankenhauses, die eine spezifische Voranmeldung erfordert aber in der zugehörigen Liste
nicht aufgeführt ist";Für MIND-Datensatz: Feld nicht übermitteln. Abweichungen führen zu Abweisung von Datenlieferungen.;;;
Zielklinik;Transportziel;Nein;;EinsatztechnischeDaten;D;E;Text, Zeichenlimit 200;;Name des Transportziels, ggf. mit Adresse;Für MIND-Datensatz: Feld nicht übermitteln. Abweichungen führen zu Abweisung von Datenlieferungen.;;;
Kapitel: EinsatzBesonderheiten;Kapitel: EinsatzBesonderheiten;;;;;;;;;"Pflicht wenn:
EinsatzArt NICHT  (11 ODER  12)";;;
EinsatzBesonderheiten;Einsatzbesonderheiten;Ja;EinsatzBesonderheiten;Einsatzverlauf + Bemerkungen + EinsattechnDaten;DM;M;"Einsatzbesonderheiten
Werteliste siehe Tabellenblatt Codes";NA + RD;"• Abweichung von medizinischen Standards,
• Abweichung vom Zeitablauf,
• erhöhter Aufwand.
Ablehnung indizierter Maßnahmen (z.B. Diagnostik, Therapie) durch Patienten: 02.   Transportverweigerung ist im Feld KeinTranspMitPat zu dokumentieren (04 = Patient lehnt Transport ab).
Pflicht, außer für Dienstfahrten und Pauseneinsätze";Kombinationen mit 00 sind unzulässig.;-2;T;Terminologie: mind-einsatzbesonderheit-cs / MindEinsatzbesonderheitVS. Noch kein Profil.
EinsatzBesonderheiten;PreEmergencyStatus;Nein;EinsatzBesonderheiten;Notfallgeschehen;DM;E;Werteliste siehe Tabellenblatt Codes_DIVI;NA + RD;Schwere der Vorerkrankungen, Zustand vor Eintritt des Notfalls.;;-2;T;Terminologie: mind-pre-emergency-status-cs / MindPreEmergencyStatusVS. Noch kein Profil.
Kapitel: Reanimation;Kapitel: Reanimation;;;;;;;;"Pflicht für NA-Protokolle, wenn die Diagnose Herz-Kreislauf-Stillstand, ein SIDS, eine primäre Todesfeststellung (ohne CPR) oder ""Patient im Einsatzverlauf verstorben"" dokumentiert wurde.
Pflicht für RD-Protokolle, wenn die Diagnose Herz-Kreislauf-Stillstand dokumentiert wurde, oder bei einer Todesfeststellung bzw. einer Dokumentation des Todes im Einsatzverlauf, aber nur wenn eine Notfallrettung ohne erkennbare primäre NA-Beteiligung  vorliegt.";"Pflicht wenn:
Protokolltyp GLEICH NA
UND  (Diagnose ENTHÄLT  (1220 ODER 1813)
ODER KeinTranspMitPat GLEICH  [02 ODER  03])
ODER
Protokolltyp GLEICH  RD
UND  (Diagnose ENTHÄLT ( 1220 ODER  1813)
ODER KeinTranspMitPat GLEICH  [02 ODER  03])
UND EinsatzArt GLEICH  (02 ODER 04 ODER  06 ODER  08)";;;
Reanimation;Reanimationssituation;Ja;Reanimation;Reanimation;M;E;"Wurde eine Reanimation durchgeführt?
Werteliste siehe Tabellenblatt Codes";NA + RD;"Eine begonnene Reanimation ist mit 01 oder 02 oder 03 zu dokumentieren.
Bei primärer Todesfeststellung (ohne CPR) ist nur ""Reanimation nicht durchgeführt..."" zulässig.
Ohne Patientenkontakt ist nur ""keine Reanimationssituation (kein Tod/kein Kreislaufstillstand)"" zulässig.
Bei Diagnose Herz-Kreislauf-Stillstand oder SIDS bzw. bei Dokumentation ""Patient im Einsatzverlauf verstorben"" ist ""keine Reanimationssituation (kein Tod/kein Kreislaufstillstand)"" unzulässig.";"Triggerfeld für Dokumentationsumfang und Plausibilitätsprüfungen.
Wenn KeinTranspMitPat GLEICH  02, dann ist Reanimationssituation GLEICH  (00 ODER 01 ODER  02 ODER  03
ODER 04) unzulässig.
Wenn RDTransport GLEICH  02, dann ist nur Reanimationssituation GLEICH  00 zulässig.
Wenn Diagnose ENTHÄLT ( 1220 ODER  1813) ODER KeinTranspMitPat GLEICH  03 dann ist Reanimationssituation GLEICH  00 unzulässig.";-2;T;Terminologie: mind-reanimationssituation-cs / MindReanimationssituationVS. Noch kein Profil.
Kapitel: ReanimationDetails;Kapitel: ReanimationDetails;;;;;;;;"Pflicht für NA-Protokolle, wenn dokumentierendes Rettungsmittel Reanimation durchgeführt hat.
Pflicht für RD-Protokolle, wenn dokumentierendes Rettungsmittel Reanimation durchgeführt hat und eine Notfallrettung ohne erkennbare NA-Beteiligung bzw. -Nachforderung vorliegt.";"Pflicht wenn:
Protokolltyp GLEICH  NA
UND Reanimationssituation GLEICH  (01 ODER  02 ODER  03)
ODER
Protokolltyp GLEICH RD
UND Reanimationssituation GLEICH  (01 ODER  02 ODER  03)
UND EinsatzArt GLEICH  (02 ODER  04 ODER  06 ODER  08)
UND NotarztNachgefordert GLEICH  02";;;
ReanimationDetails;Reanimationstechnik;Ja;ReanimationDetails;Massnahmen;DM;M;Werteliste siehe Tabellenblatt Codes;NA + RD;;"Wenn Reanimationssituation GLEICH  (00 ODER  05 ODER  06 ODER  07 ODER  08), dann sind alle Werte außer -2 unzulässig.
Kombinationen mit -1 sind unzulässig.";-2;T;Terminologie: mind-reanimationstechnik-cs / MindReanimationstechnikVS. Noch kein Profil.
ReanimationDetails;URKRSTST;Ja;ReanimationDetails;Massnahmen;DM;E;"Vermutete Ursache des Kreislaufstillstandes
Werteliste siehe Tabellenblatt Codes";NA + RD;Die internationalen Vorgaben des Utstein-Style Protokolls unterscheiden die Ursachen eines Kreislaufstillstandes in mehreren Sektionen. Gefragt ist die aus Sicht des Notarztes vermutliche Ursache.;Wenn Reanimationssituation GLEICH  00, dann sind alle Werte außer -2 unzulässig.;-2;T;Terminologie: mind-kreislaufstillstandursache-cs / MindKreislaufstillstandursacheVS. Noch kein Profil.
ReanimationDetails;SPORT;Nein;ReanimationDetails;Massnahmen;DM;E;"Zusammenhang mit sportlicher Aktivität:
Werteliste siehe Tabellenblatt Codes";NA + RD;Besteht ein Zusammenhang des Kreislaufstillstandes mit sportlicher Aktivität?;Wenn Reanimationssituation GLEICH  00, dann sind alle Werte außer -2 unzulässig.;-2;;
ReanimationDetails;ZEOFR;Nein;ReanimationDetails;Notfallgeschehen;DM;E;Zeitstempel Eintreffen First Responder Angabe von Datum und Uhrzeit;NA + RD;"Eintreffzeit eines First Responders als ""Vorausversorger"" neben dem regulären Rettungsdienst am Einsatzort.";"Wenn Reanimationssituation GLEICH  00, dann sind alle Werte außer ""1902-02-02T22:00:00.000+01:00"" unzulässig.";"1902-02-
02T22:00
:00.000+
01:00";;
ReanimationDetails;ZCKB;Ja;ReanimationDetails;Massnahmen;DM;E;"Person Kollaps beobachtet
Werteliste siehe Tabellenblatt Codes";NA + RD;Wer hat den Kollaps beobachtet? Ersthelfer entspricht dem nichtmedizinischen Personal bzw. Laien.;Wenn Reanimationssituation GLEICH  00, dann sind alle Werte außer -2 unzulässig.;-2;T;Terminologie: mind-kollaps-beobachtet-durch-cs / MindKollapsBeobachtetDurchVS. Noch kein Profil.
ReanimationDetails;ZCHDM;Ja;ReanimationDetails;Massnahmen;DM;E;"Person Herzdruckmassage begonnen
Werteliste siehe Tabellenblatt Codes";NA + RD;"Wer hat mit der Herzdruckmassage begonnen bzw. den Beginn angeordnet? (Es ist die jeweils am höchsten
qualifizierte anwesende Person zu dokumentieren)";"Wenn Protokolltyp GLEICH  NA
UND Reanimationssituation GLEICH (05 ODER 06 ODER 07 ODER  08), dann ist 06 unzulässig.
Wenn Protokolltyp GLEICH  RD
UND Reanimationssituation GLEICH  (05 ODER  06 ODER 07 ODER  08), dann sind 05 ODER  06 unzulässig. Wenn Reanimationssituation GLEICH  00, dann sind alle Werte außer -2 unzulässig.";-2;T;Terminologie: mind-herzdruckmassage-durch-cs / MindHerzdruckmassageDurchVS. Noch kein Profil.
ReanimationDetails;ZCDEFI;Ja;ReanimationDetails;Massnahmen;DM;E;"Person Defibrillation durchgeführt
Werteliste siehe Tabellenblatt Codes";NA + RD;"Wer hat die erste Defibrillation durchgeführt bzw. angeordnet? (Es ist die jeweils am höchsten qualifizierte anwesende
Person zu kodieren.)";"Wenn Protokolltyp GLEICH  NA
UND Reanimationssituation GLEICH (05 ODER 06 ODER 07 ODER  08), dann ist 06 unzulässig.
Wenn Protokolltyp GLEICH  RD
UND Reanimationssituation GLEICH  (05 ODER  06 ODER 07 ODER  08), dann sind 05 ODER  06 unzulässig. Wenn Reanimationssituation GLEICH  00, dann sind alle Werte außer -2 unzulässig.";-2;T;Terminologie: mind-erste-defibrillation-durch-cs / MindErsteDefibrillationDurchVS. Noch kein Profil.
ReanimationDetails;ZHDM;Ja;ReanimationDetails;Massnahmen;DM;E;"Zeitpunkt Beginn Herzdruckmassage
Angabe von Datum und Uhrzeit";NA + RD;Erster Zeitpunkt, zu dem mit der Herzdruckmassage begonnen wurde, ggf. schätzen.;"Wenn Reanimationssituation GLEICH  00, dann sind alle Werte außer ""1902-02-02T22:00:00.000+01:00"" unzulässig.";"1902-02-
02T22:00
:00.000+
01:00";;
ReanimationDetails;ZDEFI1;siehe Hinweise/ Plausibilitäten/ Abhängigkeiten;ReanimationDetails;Massnahmen;DM;E;Zeitpunkt erste Defibrillation Angabe von Datum und Uhrzeit;NA + RD;"Zeitpunkt der ersten Defibrillation.
Pflicht für NA-Protokolle, wenn eine Defibrillation durch den KTW, RTW oder NA dokumentiert wurde
Pflicht für RD-Protokolle, wenn eine Defibrillation durch den KTW oder RTW dokumentiert wurde und eine Notfallrettung ohne erkennbare NA-Beteiligung bzw. -Nachforderung vorliegt.";"Pflicht wenn:
Protokolltyp GLEICH NA UND ZCDEFI GLEICH  (04 ODER  05 ODER  06) ODER
Protokolltyp GLEICH  RD UND  ZCDEFI GLEICH  (04 ODER  05)
UND EinsatzArt GLEICH  (02 ODER  04 ODER  06 ODER  08)
UND NotarztNachgefordert GLEICH  02
Wenn Reanimationssituation GLEICH  00, dann sind alle Werte außer ""1902-02-02T22:00:00.000+01:00"" unzulässig.";"1902-02-
02T22:00
:00.000+
01:00";;
ReanimationDetails;ZROSC1;"siehe Hinweise/
Plausibilitäten/ Abhängigkeiten";ReanimationDetails;Massnahmen;DM;E;"Zeitpunkt 1. ROSC
Angabe von Datum und Uhrzeit";NA + RD;"Bei Wiedereintritt eines Eigenkreislaufs (ROSC) ist die Zeit zu notieren. Ab diesem Zeitpunkt hat der Patient einen
eigenen Kreislauf mit einem messbaren Puls. Auch wenn dieser wieder zusammenbricht. ROSC = return of spontaneous circulation (Spontankreislauf)";"Pflicht wenn:
ROSC GLEICH  02
Wenn Reanimationssituation GLEICH  (00 ODER  05 ODER  06 ODER  07 ODER  08), dann sind alle Werte außer ""1902-02-02T00:00:00"" unzulässig.";"1902-02-
02T22:00
:00.000+
01:00";;
ReanimationDetails;ROSC;Ja;ReanimationDetails;Massnahmen;DM;E;"Erreichen eines Spontankreislaufs
Werteliste siehe Tabellenblatt Codes";NA + RD;"Konnte durch die Reanimationsmaßnahmen jemals ein spontaner Kreislauf > 20 Sekunden etabliert werden?
Wenn laut Feld KHAUF ""Krankenhausaufnahme mit ROSC"", dann in Feld ROSC nur "" jemals ROSC"" zulässig.";"Wenn KHAUF GLEICH  02, dann nur ROSC GLEICH  02 zulässig.
Wenn Reanimationssituation GLEICH  (00 ODER  05 ODER  06 ODER  07 ODER  08), dann sind alle Werte außer -2 unzulässig.";-2;T;Terminologie: mind-rosc-cs / MindRoscVS. Noch kein Profil.
ReanimationDetails;KHAUF;Ja;ReanimationDetails;Reanimation;DM;E;"Patientenzustand bei Krankenhausaufnahme
Werteliste siehe Tabellenblatt Codes";NA + RD;Zustand bei Übergabe an die Zielklinik.;"Wenn Reanimationssituation GLEICH  00, dann sind alle Werte außer -2 unzulässig.
Wenn Reanimationssituation GLEICH   (05 ODER 06 ODER  07 ODER  08), dann sind alle Werte außer 01 unzulässig.";-2;T;Terminologie: mind-krankenhausaufnahme-zustand-cs / MindKrankenhausaufnahmeZustandVS. Noch kein Profil.
ReanimationDetails;ZTOD;Nein;ReanimationDetails;Reanimation;DM;E;"Zeitpunkt TOD
Angabe von Datum und Uhrzeit";NA + RD;Beendigungszeitpunkt der Reanimationsmaßnahmen.;"Wenn Reanimationssituation GLEICH  (00 ODER  05 ODER  06 ODER  07 ODER  08), dann sind alle Werte außer ""1902-02-02T00:00:00"" unzulässig.";"1902-02-
02T22:00
:00.000+
01:00";;
ReanimationDetails;ReanimationJa;Nein;;Massnahmen;D;E;Werteliste siehe Tabellenblatt Codes_DIVI;;Werteliste ob und mit welchem Erfolg eine Reanimation erfolgte;Für MIND-Datensatz: Feld nicht übermitteln. Abweichungen führen zu Abweisung von Datenlieferungen.;;;
ReanimationDetails;ReanimationFeedback;Nein;;Massnahmen;D;E;Werteliste siehe Tabellenblatt Codes_DIVI;;Ja = Ein Feedbacksystem wurde eingesetzt, Nein = Es wurde kein Feedbacksystem eingesetzt, Leer = wie Nein;Für MIND-Datensatz: Feld nicht übermitteln. Abweichungen führen zu Abweisung von Datenlieferungen.;;;
ReanimationDetails;ReanimationTelefon;Nein;;Massnahmen;D;E;Werteliste siehe Tabellenblatt Codes_DIVI;;Ja = Telefonreanimation wurde eingesetzt, Nein = Telefonreanimation wurde nicht eingesetzt, Leer = wie Nein;Für MIND-Datensatz: Feld nicht übermitteln. Abweichungen führen zu Abweisung von Datenlieferungen.;;;
ReanimationDetails;ReanimationNein;Nein;;Massnahmen;D;E;Werteliste siehe Tabellenblatt Codes_DIVI;;Werteliste, warum eine Reanimation bei reaktionslosem Patienten nicht eingesetzt wurde;Für MIND-Datensatz: Feld nicht übermitteln. Abweichungen führen zu Abweisung von Datenlieferungen.;;;
ReanimationDetails;ReanimationNeinSonstige;Nein;;Massnahmen;D;E;Text, Zeichenlimit 200;;"Text warum eine Reanimation bei reaktionslosem Patienten nicht eingesetzt wurde, wenn Wert in zugehöriger
Werteliste nicht enthalten ist";Für MIND-Datensatz: Feld nicht übermitteln. Abweichungen führen zu Abweisung von Datenlieferungen.;;;
ReanimationDetails;UrsacheSonstige;Nein;;Reanimation;D;E;Text, Zeichenlimit 200;;Vermutete Ursache des Kreislaufstillstands, wenn in der zugehörigen Werteliste nicht angegeben;Für MIND-Datensatz: Feld nicht übermitteln. Abweichungen führen zu Abweisung von Datenlieferungen.;;;
ReanimationDetails;KollapsBeobachtetSonstige;Nein;;Reanimation;D;E;Text, Zeichenlimit 200;;Angabe zur Person, die den Kollaps beobachtet hat, wenn in den zugehörigen Feldern nicht aufgelistet;Für MIND-Datensatz: Feld nicht übermitteln. Abweichungen führen zu Abweisung von Datenlieferungen.;;;
ReanimationDetails;BeginnHDMSonstige;Nein;;Reanimation;D;E;Text, Zeichenlimit 200;;Angabe zur Person, die mit der Reanimation begonnen hat, wenn in den zugehörigen Feldern nicht aufgelistet;Für MIND-Datensatz: Feld nicht übermitteln. Abweichungen führen zu Abweisung von Datenlieferungen.;;;
ReanimationDetails;ErsteDefiSonstige;Nein;;Reanimation;D;E;Text, Zeichenlimit 200;;Angabe zur Person, die die erste Defibrillation durchgeführt hat, wenn in den zugehörigen Feldern nicht aufgelistet;Für MIND-Datensatz: Feld nicht übermitteln. Abweichungen führen zu Abweisung von Datenlieferungen.;;;
ReanimationDetails;TodInfo;Nein;;Reanimation;D;M;Werteliste siehe Tabellenblatt Codes_DIVI;;Werteliste zu Todeszeitpunkt und Ort des Todes;Für MIND-Datensatz: Feld nicht übermitteln. Abweichungen führen zu Abweisung von Datenlieferungen.;;;
ReanimationDetails;TodArt;Nein;;Reanimation;D;E;Werteliste siehe Tabellenblatt Codes_DIVI;;Werteliste zur Todesart;Für MIND-Datensatz: Feld nicht übermitteln. Abweichungen führen zu Abweisung von Datenlieferungen.;;;
ReanimationDetails;TodZeit;Nein;;Reanimation;D;E;Angabe von Datum und Uhrzeit;;Zeitpunkt des Todes (Festlegung durch Arzt der die ggf. vorläufige oder endgültige Leichenschau macht);Für MIND-Datensatz: Feld nicht übermitteln. Abweichungen führen zu Abweisung von Datenlieferungen.;;;
